﻿<?xml version="1.0" encoding="utf-8" standalone="no"?>
<manifest identifier="_5qGkglg3XRp_course_id" version="1.3" xmlns="http://www.imsglobal.org/xsd/imscp_v1p1" xmlns:adlcp="http://www.adlnet.org/xsd/adlcp_v1p3" xmlns:adlseq="http://www.adlnet.org/xsd/adlseq_v1p3" xmlns:adlnav="http://www.adlnet.org/xsd/adlnav_v1p3" xmlns:imsss="http://www.imsglobal.org/xsd/imsss" xmlns:xsi="http://www.w3.org/2001/XMLSchema-instance" xmlns:lom="http://ltsc.ieee.org/xsd/LOM" xsi:schemaLocation="http://www.imsglobal.org/xsd/imscp_v1p1 imscp_v1p1.xsd
                              http://www.adlnet.org/xsd/adlcp_v1p3 adlcp_v1p3.xsd
                              http://www.adlnet.org/xsd/adlseq_v1p3 adlseq_v1p3.xsd
                              http://www.adlnet.org/xsd/adlnav_v1p3 adlnav_v1p3.xsd
							  http://www.imsglobal.org/xsd/imsss imsss_v1p0.xsd
							  http://ltsc.ieee.org/xsd/LOM lom.xsd">
  <metadata>
    <schema>ADL SCORM</schema>
    <schemaversion>2004 4th Edition</schemaversion>
    <adlcp:location>metadata.xml</adlcp:location>
  </metadata>
  <organizations default="Health_&amp;_Safety_ORG">
    <organization identifier="Health_&amp;_Safety_ORG" adlseq:objectivesGlobalToSystem="false">
      <title>Health &amp; Safety</title>
      <item identifier="Health_&amp;_Safety_SCO" identifierref="__5qGkglg3XRp_course_id_RES" isvisible="true">
        <title>Health &amp; Safety</title>
      </item>
      <metadata>
        <adlcp:location>metadata.xml</adlcp:location>
      </metadata>
      <imsss:sequencing>
        <imsss:controlMode choice="true" flow="true" />
      </imsss:sequencing>
    </organization>
  </organizations>
  <resources>
    <resource identifier="__5qGkglg3XRp_course_id_RES" type="webcontent" adlcp:scormType="sco" href="index_lms.html">
      <file href="story_content/thumbnail.jpg" />
      <file href="mobile/6eTNHMPSu25_80_DX1926_DY1926_CX1513_CY849.png" />
      <file href="mobile/6pHTD6vXXW1_80_DX850_DY850_CX667_CY339.png" />
      <file href="mobile/5vU9IyVjUB8_80_DX1038_DY1038_CX816_CY114.png" />
      <file href="mobile/6WVMPDGYZyV_80_DX774_DY774_CX609_CY115.png" />
      <file href="mobile/69KMYT59Grr_80_DX714_DY714_CX16_CY16.jpg" />
      <file href="mobile/6SMJbPzAu0S_80_DX1926_DY1926_CX1513_CY849.png" />
      <file href="mobile/5YUDl906fbr_80_P_511_0_1202_1260_DX1072_DY1072_CX495_CY519.png" />
      <file href="mobile/5hKDLbmhN1d_80_DX318_DY318_CX213_CY250.png" />
      <file href="mobile/6VszVfYsZrZ_80_DX318_DY318_CX213_CY250.png" />
      <file href="mobile/61NWKf02nV4_80_DX382_DY382_CX300_CY250.png" />
      <file href="mobile/5embXHbWfKd_80_DX404_DY404_CX237_CY317.png" />
      <file href="story_content/video_5nTcun4j2yy_22_56_960x540.mp4" />
      <file href="mobile/poster_6MNMNPhluNW_video_5nTcun4j2yy_22_56_960x540.jpg" />
      <file href="mobile/68tSzgXAEGM_80_DX654_DY654_CX380_CY514.png" />
      <file href="mobile/5W8jqqAMW5h_80_DX654_DY654_CX380_CY514.png" />
      <file href="mobile/60PiNQ6crBy_80_DX654_DY654_CX379_CY514.png" />
      <file href="mobile/6Lc0JfrQnGv_80_DX768_DY768_CX603_CY402.jpg" />
      <file href="mobile/6KRGRgh7tcj_80_P_-1_0_1902_1365_DX804_DY804_CX587_CY421.png" />
      <file href="mobile/6rh8nXlvHcy_80_DX776_DY776_CX610_CY407.jpg" />
      <file href="story_content/video_6BY5rFpKSUu_22_56_960x540.mp4" />
      <file href="mobile/poster_6UIh4e3FfwW_video_6BY5rFpKSUu_22_56_960x540.jpg" />
      <file href="mobile/6H2waaVHdzb_80_DX220_DY220_CX172_CY173.png" />
      <file href="mobile/6fETC5sYybF_80_DX220_DY220_CX172_CY173.png" />
      <file href="mobile/5mfkeoHQ7p1_80_DX252_DY252_CX197_CY173.png" />
      <file href="mobile/6UHn0ON0kUe_80_DX220_DY220_CX163_CY172.png" />
      <file href="mobile/6dx1s1PnN6S_80_DX222_DY222_CX174_CY173.png" />
      <file href="story_content/video_6Pa9sSCowHq_22_56_960x540.mp4" />
      <file href="mobile/poster_69Axx1HBFP4_video_6Pa9sSCowHq_22_56_960x540.jpg" />
      <file href="story_content/video_6Z0LABm41wG_22_56_960x522.mp4" />
      <file href="mobile/poster_5gj3aSo198C_video_6Z0LABm41wG_22_56_960x522.jpg" />
      <file href="mobile/6GDZUJdosIa_80_DX812_DY812_CX639_CY426.jpg" />
      <file href="story_content/video_6kCEm6wW8qz_22_56_960x506.mp4" />
      <file href="mobile/poster_5Xikq2Z9t4I_video_6kCEm6wW8qz_22_56_960x506.jpg" />
      <file href="mobile/6nufdfMrSQa_80_DX1920_DY1920_CX1065_CY711.jpg" />
      <file href="mobile/6nufdfMrSQa_80_P_0_0_967_1367_DX1920_DY1920_CX503_CY710.png" />
      <file href="mobile/6MLsiMNBzrG_80_P_228_-5_1536_1365_DX932_DY932_CX550_CY489.png" />
      <file href="mobile/6DF94szlCMJ_80_DX470_DY470_CX369_CY324.png" />
      <file href="mobile/5bTgDr668DP_80_DX414_DY414_CX324_CY324.png" />
      <file href="meta.xml" />
      <file href="story_content/user.js" />
      <file href="html5/data/css/output.min.css" />
      <file href="html5/data/js/5aqPmESTpcZ.js" />
      <file href="html5/data/js/5b6iSZYU8pj.js" />
      <file href="html5/data/js/5e6e1h0MFeP.js" />
      <file href="html5/data/js/5e7W2vbd0Uh.js" />
      <file href="html5/data/js/5fRqHRdTZHk.js" />
      <file href="html5/data/js/5i8leD229Op.js" />
      <file href="html5/data/js/5mKXqVIGslo.js" />
      <file href="html5/data/js/5tZquJOpy6t.js" />
      <file href="html5/data/js/5WDqHJhRiMI.js" />
      <file href="html5/data/js/5yTNbL8MQUb.js" />
      <file href="html5/data/js/60c1EsvkxsW.js" />
      <file href="html5/data/js/623uBwZVzui.js" />
      <file href="html5/data/js/63i6jc11smQ.js" />
      <file href="html5/data/js/64kZXDIVNWs.js" />
      <file href="html5/data/js/64tJDAUSSQI.js" />
      <file href="html5/data/js/67Oxr1nxlud.js" />
      <file href="html5/data/js/6BIkfYlfnCp.js" />
      <file href="html5/data/js/6DQ9eVS2xkw.js" />
      <file href="html5/data/js/6KHwd13fj93.js" />
      <file href="html5/data/js/6lsY6DqbY2D.js" />
      <file href="html5/data/js/6m6X8nCWNfJ.js" />
      <file href="html5/data/js/6MYsAHLu9wW.js" />
      <file href="html5/data/js/6RKymCx7U6C.js" />
      <file href="html5/data/js/6Trs1RUkU24.js" />
      <file href="html5/data/js/6X5NO9opwcE.js" />
      <file href="html5/data/js/6XEIEzGGFV6.js" />
      <file href="html5/data/js/6YAT6aLnXGE.js" />
      <file href="html5/data/js/data.js" />
      <file href="html5/data/js/frame.js" />
      <file href="html5/data/js/paths.js" />
      <file href="html5/lib/scripts/ds-bootstrap.min.js" />
      <file href="html5/lib/scripts/ds-frame.desktop.min.js" />
      <file href="html5/lib/scripts/ds-frame.mobile.min.js" />
      <file href="html5/lib/scripts/ds-slides.min.js" />
      <file href="html5/lib/stylesheets/desktop.min.css" />
      <file href="html5/lib/stylesheets/mobile.min.css" />
      <file href="html5/lib/stylesheets/mobile-fonts/open-sans-bold.woff" />
      <file href="html5/lib/stylesheets/mobile-fonts/open-sans-light.woff" />
      <file href="html5/lib/stylesheets/mobile-fonts/open-sans-regular.woff" />
      <file href="analytics-frame.html" />
      <file href="story.html" />
      <file href="index_lms.html" />
      <file href="lms/AICCComm.html" />
      <file href="lms/blank.html" />
      <file href="lms/browsersniff.js" />
      <file href="lms/goodbye.html" />
      <file href="lms/scormdriver.js" />
    </resource>
  </resources>
</manifest>