﻿<?xml version="1.0" encoding="utf-8"?>
<manifest identifier="_5uZcMm9cFeb_course_id" version="1.0" xmlns="http://www.imsproject.org/xsd/imscp_rootv1p1p2" xmlns:adlcp="http://www.adlnet.org/xsd/adlcp_rootv1p2" xmlns:xsi="http://www.w3.org/2001/XMLSchema-instance" xsi:schemaLocation="http://www.imsproject.org/xsd/imscp_rootv1p1p2 imscp_rootv1p1p2.xsd http://www.imsglobal.org/xsd/imsmd_rootv1p2p1 imsmd_rootv1p2p1.xsd http://www.adlnet.org/xsd/adlcp_rootv1p2 adlcp_rootv1p2.xsd">
  <metadata>
    <schema>ADL SCORM</schema>
    <schemaversion>1.2</schemaversion>
    <lom xmlns="http://www.imsglobal.org/xsd/imsmd_rootv1p2p1" xmlns:xsi="http://www.w3.org/2001/XMLSchema-instance" xsi:schemaLocation="http://www.imsglobal.org/xsd/imsmd_rootv1p2p1 imsmd_rootv1p2p1.xsd">
      <general>
        <title>
          <langstring xml:lang="x-none">millonario_marysabel</langstring>
        </title>
      </general>
      <lifecycle>
        <version>
          <langstring xml:lang="x-none">1</langstring>
        </version>
        <status>
          <source>
            <langstring xml:lang="x-none">LOMv1.0</langstring>
          </source>
          <value>
            <langstring xml:lang="x-none">Final</langstring>
          </value>
        </status>
      </lifecycle>
      <metametadata>
        <metadatascheme>ADL SCORM 1.2</metadatascheme>
      </metametadata>
      <educational>
        <typicallearningtime>
          <datetime>PT0H0M0S</datetime>
        </typicallearningtime>
      </educational>
      <rights>
        <cost>
          <source>
            <langstring xml:lang="x-none">LOMv1.0</langstring>
          </source>
          <value>
            <langstring xml:lang="x-none">yes</langstring>
          </value>
        </cost>
        <copyrightandotherrestrictions>
          <source>
            <langstring xml:lang="x-none">LOMv1.0</langstring>
          </source>
          <value>
            <langstring xml:lang="x-none">yes</langstring>
          </value>
        </copyrightandotherrestrictions>
      </rights>
    </lom>
  </metadata>
  <organizations default="millonario_marysabel_ORG">
    <organization identifier="millonario_marysabel_ORG">
      <title>millonario_marysabel</title>
      <item identifier="millonario_SCO" isvisible="true" identifierref="__5uZcMm9cFeb_course_id_RES">
        <title>millonario_marysabel</title>
        <adlcp:masteryscore>95</adlcp:masteryscore>
      </item>
    </organization>
  </organizations>
  <resources>
    <resource identifier="__5uZcMm9cFeb_course_id_RES" type="webcontent" href="index_lms.html" adlcp:scormtype="sco">
      <file href="story_content/thumbnail.jpg" />
      <file href="mobile/5dKE5o5WwZC_P_0_0_773_1597_DX810_DY810_CX240_CY496.png" />
      <file href="meta.xml" />
      <file href="story_content/user.js" />
      <file href="mobile/Slide6Sv6W46QpGd.jpg" />
      <file href="html5/data/css/output.min.css" />
      <file href="html5/data/js/5lRCTvqbMN6.js" />
      <file href="html5/data/js/5nBBykknlZJ.js" />
      <file href="html5/data/js/5o4zJbYHjSO.js" />
      <file href="html5/data/js/5xebs7rnIx3.js" />
      <file href="html5/data/js/630JTGeJccS.js" />
      <file href="html5/data/js/6EYo00PtURC.js" />
      <file href="html5/data/js/6GzA1dzBD1T.js" />
      <file href="html5/data/js/6HNRZQzl0wO.js" />
      <file href="html5/data/js/6ltDfeSVgLn.js" />
      <file href="html5/data/js/6o1ZR3lZAMV.js" />
      <file href="html5/data/js/6OrrE4HQtS4.js" />
      <file href="html5/data/js/6PEOZEm2uqL.js" />
      <file href="html5/data/js/6Pz1I6H8f7c.js" />
      <file href="html5/data/js/6qKD49UZq4A.js" />
      <file href="html5/data/js/6VCzu9LlSBq.js" />
      <file href="html5/data/js/6W5SfxgJ60B.js" />
      <file href="html5/data/js/data.js" />
      <file href="html5/data/js/frame.js" />
      <file href="html5/data/js/paths.js" />
      <file href="html5/lib/scripts/ds-bootstrap.min.js" />
      <file href="html5/lib/scripts/ds-frame.desktop.min.js" />
      <file href="html5/lib/scripts/ds-frame.mobile.min.js" />
      <file href="html5/lib/scripts/ds-slides.min.js" />
      <file href="html5/lib/stylesheets/desktop.min.css" />
      <file href="html5/lib/stylesheets/mobile.min.css" />
      <file href="html5/lib/stylesheets/mobile-fonts/open-sans-bold.woff" />
      <file href="html5/lib/stylesheets/mobile-fonts/open-sans-light.woff" />
      <file href="html5/lib/stylesheets/mobile-fonts/open-sans-regular.woff" />
      <file href="analytics-frame.html" />
      <file href="story.html" />
      <file href="index_lms.html" />
      <file href="lms/AICCComm.html" />
      <file href="lms/blank.html" />
      <file href="lms/browsersniff.js" />
      <file href="lms/goodbye.html" />
      <file href="lms/indexAPI.html" />
      <file href="lms/scormdriver.js" />
    </resource>
  </resources>
</manifest>