﻿<?xml version="1.0" encoding="utf-8"?><bwFonts xmlns:xsi="http://www.w3.org/2001/XMLSchema-instance" xmlns:xsd="http://www.w3.org/2001/XMLSchema" fontfactoryurl="story_content/FontFactory.swf"><font id="00" name="Open Sans Charset1 6njZ3Caz4KV"><glyphs><g i="0" c="384" p="%^FJ$vsHkqiAkq5y$v$v$v2D4eOE4eQL$v^OGsoJEWi#kEShUDlg#DDwh7DWi1Bso" /><g i="1" c="385" p="#^uDfwAAfw_ysuoxFsoxopox1m$yckDAniDDniBEniyFAiwGNi3H3j%sGNkNFwk_ElkbEakADakvzakvznpvzRruAatuBuurDuu6FuuTGLt%TGyvxFfwuDfw" /><g i="2" c="386" p="#^ODfwQAfw6zruoxDsoxqpoxam_yhkAAnigDniNFnifH1kJIGlJIoo%JIGp%vzGpzz1sHAgtPBuuTDuu1Guu8IAt%8Inv3HRv6G2w9FfwODfw^fD4kEB4kGA7lJzamyz1o%yG1oyG6mHF5lQE4kfD4k" /><g i="3" c="387" p="#^mEfw3DfwZBMvUAhvaAhu%0AhuaAsvaAvw%aA$B%8y$B%8yDi%NzDi%3Ark%aArkYAlj_BSi0DnimEni0HnisIbkVJ$lVJipVJBsrIquZGfwmEfw^3E5k0C5k5BelbAmmaARo%aAhpaA6s6Bkt2Cyu7EyuRFyuQG8tPHKrPHgpPHMmQGrlRF5k3E5k" /><g i="4" c="388" p="#^tCAu$CAuvDvu$DpuiEku%iETvZD1wkD8wHCfwaCfwhyfwhy9s%hyck%nwck%nwdj%hyni%8zxf%jAxf%jADi%cEDi%cEck%jAck%jA3sjAhtUAXttBAutCAu" /><g i="5" c="389" p="#^nG$v%ZF5u%TF5uTElvTDOvTCfwoBfwpzfwgydv8xbu8xis8xfoDD2o%UF_n%UF8nUFAldFQkyE4k2D4knB4kgz5l%EyyjDz0jOAJi_BpiaDpizFpiJGtjTHwkTHSm%TH$v^OBAuHDAuMEytRFvsRFDq%RFqp%PDvppBApkAfqgzWqgzksgzptWz$tBAAuOBAu" /><g i="6" c="390" p="#^fEni8FniRFwi%zFokKEdk5EdktCdkjBxlaARmaAPo%aA$v%8y$v%8yDi%PzDi%2A5l%8A5lUANjXB4j_CnifEni" /><g i="7" c="391" p="#" /><g i="8" c="392" p="#^wIfrwICtOGXu5FfwaCfw$yfwhxqv%hxqtoyUtGzauZArueCrujErumFEtqGRsqGrrqGwq2GWpGFkpOEQoWDko8CHnFzOmAyAlwxmkwxoiwxkg3z6fDAUdaDUdQFUd3ISe%qHGgcFLf7DLftBLfyAsgDz9hDzqiDzljYzXjiAxk6B1lWBwlBD6mpG7nsHgowIppwIfr" /><g i="9" c="393" p="%^sy$vsy9ewA9ewA$v" /><g i="10" c="394" p="#^iGFm%mMFm%mMkvYKNvuJ0w0Ifw5Gfw1CfwMzRtwxqrwx3nwxhkDybiLz5gRB$eYDUdMGUdDJUd5MXe%iLMgTILfEGLfnDLfyBHhJzDjJz4nJzHquBzsfDruFGruwIruhK$t%hKwo%iGwo" /></glyphs></font><font id="10" name="Open SansBold Charset1 69o3Fbi2FWG"><glyphs><g i="0" c="384" p="#^2NVm2NjrxKFt1I$viD$v%ey$v%ey9e%RD9ecI9eDKtg2NMi2NVm^6J$m6Jfh1Efh%0Cfh%0CTs%EDTs6JTs6J$m" /><g i="1" c="385" p="#^BDLkpCLkKBvl4BemZADn%bGDnaGemtFvlNELkBDLk^7EfwQAfwZyru6xCs6xgp6xQlQyZjyA5iAD5itG5i4ILjHJolHJio%HJ6q%UA6qYAHrQBBsICutiEutwFutCGetJHZsWIps%WIhvXHMvQG$vJFfw7Efw" /><g i="2" c="386" p="#^yF5iYH5ikJ_jIKSlIK8pIKxshJouTHfwrFfw1DfwGBvu%pBvu%OA$v%Yx$v%Yx$c%GB$c%GBqhGBfiwB6k%GB6kZC5iyF5i^lE4lZC4lkCWlHBMmGBJo%GB7pGBkrkChs_CetoEetyFetdGasVG6rVG5pVG4ndG4mxF4llE4l" /><g i="3" c="387" p="#^tHYrtH2u$F9vyEfwEBfw9Afw6z2w3yRv8xsv%8xnsaySstzctNAxtMBxtNDxtNDlsNDVrwDErfDmrBC0rXBGqQAcqgzypwy_oNxqorxIn6xZm6xVl6x4kwy5jXz5iwC5i_E5ijH9j%bGSlaFplhE8loDSksCSkPASkPALlPAfmlBDmTB_mGDIngFlo$FVoLGtp6HcqtHXqtHYr" /><g i="4" c="388" p="#" /><g i="5" c="389" p="#^uDfw6xfw6xfp6xMlRyXjAA5iPD5ibG5i4I0j%ZGUl5GxlkFjlAE5lPD5lVA5lVAdpVAetPDetUEetPFYsKGFsEH2s%EHevKGOvPF0wUEfwuDfw" /><g i="6" c="390" p="#^VA8pVAarABdsfCgtLDgteFgtUFesyGbryG8pyG6nTF6mdF5lJD5leC5lzB6mVA6nVA8p^mK8pmKusBInuRGfwIDfwKBfweAovKywuWxVs6xir6x8p6xOlSyYjCA5iMD5iKF5ieHYiKIOjyJplmK$mmK8p" /><g i="7" c="391" p="#^9K$v%rG$v%rG1orGxmXFPlsF4loE4lZC4ljC7mGBanGBAp%GB$v%Yx$v%Yxmi%OAmi%iB5k%vB5k1C9j4DDi7E5itF5ixI5iCJ5k%XJ5kvK8jzLDiDM5iZN5iiQ5iuRhjGStkGS5n%GS$v%XO$v%XO1oXOxmrOPlYN4lUM4lwL4lQK2m9K0n9K8p" /><g i="8" c="392" p="#^rFfw1DfwGBvu%tBvuGBcwGBtw%GB$B%Yx$B%Yxmi%ZAmi%vB6k%GB6k_C5iyF5iYH5ikJZjIKQlIK8pIKkr3KYsqJzueIpv2HfwrFfw^lE4lZC4lkCWlHBMmGBJo%GB7pGBkrkChs_CetoEetVGetVG5pVG4nhG4mGF4llE4l" /><g i="9" c="393" p="%^GB$vYx$vYx$cGB$c" /><g i="10" c="394" p="#^IDhtGEht2GRs%2GDvFEfwDCfwoAfwmz6vlyZtlyKr%ly9l%zw9l%zwAj%Dyki%Hzsf%4Csf%4Cmi%VFmi%VF9l%4C9l%4CJr4CwswCVsZChtIDht" /><g i="11" c="395" p="#^CG$v%UF8u%NF8uREjvRDNvSCfwgBfwizfway7v2x$t2xWr2xLpzyJo4AHn8DAn%vFwn%vFVmvFRkoDRkLBRkyzQl%jyjjGA4ixD4ihG4iKHhjcJtkcJVm%cJ$v^vFHp%3EKpsCNpFBjqSARqSAYrSAxtGCxtYDxtJENsvF1svFOq" /><g i="12" c="396" p="#^zF5ikG5iQGci%yGHl5GzlsFzlFDzlFCumGBonGB2p%GB$v%Yx$v%Yxmi%MAmi%jBEk%vBEk8CujdDOiiE5izF5i" /><g i="13" c="397" p="#^QJli%QJdk%HHNkhIHlhIRmhI1pKGgqcFvruCvr%PBsr%gBorHAQrHAnsHAatLCat%3FatjHatuI8uGJ5vGJZwGJmzGHGAGF$BXB$B4z$Bzx$A3w$z3wdy3w_wQw9wCxkv5zZuwyJu5yauGxCtGx_sGxds6yIrzyarqzGqlycqJxbp5x9o5xMm5xxkyyjj$z5iHC5igD5i2EbiREhi3Fli^hzWxhzHy0A7zMAAz5CAz5EAzeF0znGtynGwxnGLwIFsw1FawDDaw%HBawGAawZzEwhz7xhzWx^EAPmEAXn8BBoFBepHCepLDepeEBoJEXnJEPmJEmkHCmkEAmkEAPm" /><g i="14" c="398" p="#^DH$v%7Hfu%WGfukGcvdFKv7EfwJCfwjAfw5zZuTxGtTxfr%Txmi%BBmi%BBkqBBNr6CxsEChtODhtmFht2GesLGbrLGMo%LGmi%uKmi%uK$v" /><g i="15" c="399" p="#^yK$v%QG$v%QG1oQGxmiGPlNF4lDE4l3D4lmC7mGB9nGBAp%GB$v%Yx$v%Yxmi%OAmi%iB5k%vB5k7C5jdDBijE5iIF5i4I5ijJnjyKFkyK5n" /><g i="16" c="400" p="#^gCfwSzfwuynu6xvs6xbp6xQlvyZjVz5inC5iYE5iiG5k%qG5k8Gzi8Gmh%8G$c%TJ$c%TJ$v%0H$v%iGeu%8GeuTEfwgCfw^ADht$EhtGFsslGCrpGDp%pGdppG0nJF4m2F7lwD7lgC7lABbmUAenUAfpUAgrABhshChtADht" /><g i="17" c="401" p="%^bB$v$vmiUzmiwC7q#ZCBr4DWs8DWs#cDLrHD7qjGmidKmi0F$v" /><g i="18" c="403" p="#^NxPeNx$cPz$cRB$cRBPeRBHfkBagQAFgPzFgNxFgNxPe^GB$v%Yx$v%Yxmi%GBmi" /><g i="19" c="404" p="#^qxfuqxdtZxIswyaszzasAAas7BIsHBetHBfuHBcv7BMvzAkwzzkwyykw_xNvqxevqxfu" /><g i="20" c="405" p="%^ey$vey9e1C9e1C$v" /><g i="21" c="406" p="#^qxfuqxdtZxIswyaszzasAAas7BIsHBetHBfuHBcv7BMvzAkwzzkwyykw_xNvqxevqxfu^qxakqx8jZxDiwy5izz5iAA5i7BDiHB9jHBakHB9l7BIlzAfmzzfmyyfm_xJlqxalqxak" /><g i="22" c="407" p="%^rH$vFw$vFwOt_Ccl2xcl2xmidHmidHMk4B9trH9t" /><g i="23" c="408" p="#^yK$v%QG$v%QG1oQG4lDE4l3D4lmC8mGBbnGBAp%GB$v%Yx$v%Yx$c%GB$c%GBSgGBjhAB_i%vB5k%HB5kXC5iFF5i3I5iiJojyKGkyK5n" /><g i="24" c="409" p="#^Rw$Bqv$BouHB%ouMyfv$y8w$y4x$ywxtyYxXxYxWw%Yxmi%GBmi%GBtxGBEzpAPA9z$BRw$B^NxPeNx$cPz$cRB$cRBPeRBHfkBagQAFgPzFgNxFgNxPe" /><g i="25" c="410" p="%^GB$vYx$vYxmiGBmi^MxRgMxvg#Sz3eDARcPERcPE5d#9EJdDCZe#6BdgeARg" /><g i="26" c="411" p="%^3xBqpFan3xij3xmgbJqmbJao3xwt" /></glyphs></font><font id="20" name="Roboto Charset1 6pEQzW4qt2m"><glyphs><g i="0" c="384" p="#^iD4ohAcnVyYlxxHkxxQixxJgczmfUA_dAD_dpF_dQGHegIof2JEgRJUhRJmj%uHmjuHLhsGQgrFVfADVfRBVfSAGgUzqhUzNiUzSjPADkKBnlYD$laGCmqHmnGI6ogJ7pTJ7qTJurTJEtbIYuwGfwHDfwSBfwgAyvHyRuQxDtZwosZwRq%kzRqkzsswAotIBkuHDkuyFkuxGAtxHPsxHwrxHcqCGupHFMoiD4o" /><g i="1" c="385" p="#^bDfwvAfwPyuu7xJs7xLp%7xlp7xnnTxQlDyhkZzqjkByiVCyiuFyiVGfklIXllI5p%lI2q%oz2qrz$rxActDBpujDpuvEpukFWt9GqtNGCs%aIHtvGfwbDfw^VCpkxBpkCAplHzomtzbo%4Gbo%4G0o_Fim8FmljEpkVCpk" /><g i="2" c="386" p="%^9A$vUx$vUxfd9Afd" /><g i="3" c="387" p="#^$CpudEpu6FGt0GXs6GQr%fIQrbIZstH$tLG0vyFEvlEfw$CfwjAfwJysu7xEs7xwp%7x8p7xcnQxIlxyckSznjbByi_CyidFyiHGTj9IclfIkn%6Gkn0G2m8FelgEpk_CpkgBpkjAElnzTmnzdp%nzFpnzXrjAatfBpu$Cpu" /><g i="4" c="388" p="#^9A$v%Ux$v%UxOi%9AOi^JxhfJxKe2ymeoy_d2z_dIz_d2AmeoAKeoAifoARf2AdgIzAg2zAgoyAg2ydgJxRfJxhf" /><g i="5" c="389" p="#^6xgp6xknTxNlEydk$zojmByi5DyiOFyisHqk7Jhm7Jnp%7Jxp7JtroI$sFHxuhGovVEfw7DfwrAfwMynu6xvs6xqp^nzxpnzKroA4tqBpu7DpuREpuSF3tTGIrTGgpTG5nRFLlPEpk5DpkqBpkoAKlnz3nnzxp" /><g i="6" c="390" p="#^RzOi%VzrkqByiTDyi2Iyi5Ign%5I$v%QF$v%QFfnQFQlaF9lxEtkbDtk4CtkfB2lqADlZzAm%Zz$v%Ix$v%IxOi" /><g i="7" c="391" p="#^SF$vFFCvxFCuZDfwNBfwQzfwAy8vkx1ukxlskxhqUy8psA$niD$n%vF$n%vFYmvFMlNE3l4EmkICmkvBmkGAZkRzAlRzsm%BxsmBxtliyyk$yCjbA4joByiRCyi7FyipGHjIHQkLHQm%LHVsLHJudINv%dI$v^6ChuaDhu7EKt4FatvFis%vFBp%KDBpAzBpAz0sAz4thAHt$Ahu6Chu" /><g i="8" c="392" p="#" /><g i="9" c="393" p="#^UIxpUIzsvHpu6GfwMDfwfBfwUztu%Nz$v%Ix$v%Ixfd%Zzfd%ZzekkByiKDyi8GyiwHmkUIamUIlp^DGhpDGZmKFJlREtkaDtkXAtkZzxm%Zzfs$AkucDkuQEkuJF4tDGPrDGhp" /><g i="10" c="394" p="#^MABf%MAOi%eDOi%eDyk%MAyk%MAKsMAxt5BXtqBkudCkuCCkuiDau%iD$vpCfwzBfw2AfwhzkvwypuwyKs%wyyk%6wyk%6wOi%wyOi%wyBf" /><g i="11" c="395" p="#^6xgp6xknTxNlEydk$zojmByi5DyiOFyisHqk7Jhm7Jnp%7Jxp7JtroI$sFHxuhGovVEfw7DfwrAfwMynu6xvs6xqp^nzxpnzKroA4tqBpu7DpuREpuSF3tTGIrTGgpTG5nRFLlPEpk5DpkqBpkoAKlnz3nnzxp^6Egd%RGgd%zDSg%MBRg" /><g i="12" c="396" p="#^QzOi%UzfklByiODyiAGyiAHFkeIJjhJ8jlKyiNLyi7QyicQ8n%cQ$v%YN$v%YNhnYNSliNalFMtk7LtkTJtk1JdlcIZl4Ien%4I$v%OF$v%OFlnOFtk_CtkMAtkXzmm%Xz$v%Hx$v%HxOi" /><g i="13" c="397" p="#^SFHuxEfw_BfwTzfwMy0vGxNtFxor%FxOi%VzOi%VzjrVzkumCkuXEkuOFos%OFOi%2IOi%2I$v%VF$v^0Egd%LGgd%tDSg%GBRg" /><g i="14" c="398" p="#^oz0d%GAUdyzrfvzeh%vzVi%gxVi%gxuhgxegSx0fsyOdoz0d^eD0d%wEUdoDrflDeh%lDVi%6BVi%6Buh6BegIB0fiCOdeD0d" /><g i="15" c="400" p="#^SIxpSIysuHpu6GfwLDfwlBfwZzJu%Zz4B%Ix4B%IxOi%MzOi%TzfkfByiIDyi5GyitHlkSI7mSIkp^CGhpCG2nFFMlIEtk1Dtk_AtkZzhm%ZzBsZApu3DpuHEpuEF7tCGQrCGhp" /><g i="16" c="401" p="%^nzVe$yhjFxhjGxfdnzfd^GCVeiChjYAhjYAfdGCfd" /><g i="17" c="403" p="#^4EPkzDKkZCKkLAKkYzDm%Yz$v%Ix$v%IxOi%UzOi%Xzjk2Byi4DyiKDyi4EIi" /><g i="18" c="404" p="#^sy$v%syyk%nwyk%nwOi%syOi%syGhsysfJzee_A$ciD$cFE$cLGKd%nGEfRE1ftD1f0C1fnBHfKAkgKAEh%KAOi%qDOi%qDyk%KAyk%KA$v^TH$v%BF$v%BFOi%THOi" /><g i="19" c="405" p="%^6INnpANnpA4ulJ4ulJ$v3y$v3ydedJdedJ8gpA8gpASl6ISl" /><g i="20" c="406" p="#^oFvsoFArIE4r0EzqiCcqAAQpzzjpzyOo4y5oCxonCxpmCxNkZyGjlAyiuCyiKEyi7GIjxHSkxHGm%fFGmfFKltE4lHDpkuCpkfBpkyAXkSztlSzlmSz9nvAAn9B_nRCnoxELoAFhpEGOp8HxqFHgrFHksFH6ueGbvPEfwzCfwZAfwLzHvxy7vRx7u9x6t9xXr%pzXrtz3tjAKtaBpuzCpuRDpuCEUtoFmtoFvs" /><g i="21" c="407" p="#^SFHuxEfw_BfwTzfwMy0vGxNtFxor%FxOi%VzOi%VzjrVzkumCkuXEkuOFos%OFOi%2IOi%2I$v%VF$v" /><g i="22" c="408" p="#^9xhp9xemByok1AyimCyiHEyi1G7k%1Gfd%iIfd%iI$v%dG$v%6GAuLEfwlCfw2AfwBynu9xus9xsp^pzxppzNrkA3tgBkuVCku2Fku1Gos%1Gkm0FtkWCtkgBtkkALlpz1npzxp" /><g i="23" c="409" p="#^CxMoCx0mlyuj5zXgyASe0CNcBDXb%3EqdhCNe8BBh$zpkUzTn%TzWoTzDtBB5xECaz3ElA%BDKBZBQAvAIyCxyuCxMo" /><g i="24" c="410" p="#^LxPuLxeu5yRtsyst8zstRzstcARtzAeuzAPuzAnvcAMvRz8w8z8wsy8w5yMvLxnvLxPu" /><g i="25" c="411" p="%^SH9opA9opA$v3y$v3yde3Jde3J8gpA8gpAemSHem" /><g i="26" c="412" p="#^VCUoVCDrbC7uuBCw0AJyyyQAXwKB%swlAlyVyuzTvDARsEA8p%EALoEAbm5A_jzzNhCy1gFxheswjd%XwXbyyQc$zWetB$gbCwjVC1mVCUo" /><g i="27" c="413" p="#^axhpaxbmBynk0AyinCyiOEyi9Gfk%gGOi%kIOi%kIGvkIeyOGJzhFcBJCcBiBcBWzAAzyZzRxWy%0zzxtAmzzCmzcEmz7Fqy2Gvx2GPv%2GGuIEfwmCfw1AfwBynuaxvsaxhp^rzxprzMrlA2tgBkuWCku2Fku2Gns%2Gmm0FtkXCtkiBtkmALlrz1nrzxp" /><g i="28" c="414" p="%^7CCn3FOiIHOinDjpQH$vdF$vaC2r7z$vvw$vYAjpDwOiezOi" /><g i="29" c="415" p="#^Dxyz%lwFyvx3xyxmv%yxkt%Lzkt%Lz5vLzkw8zzxyyOyDxyz" /><g i="30" c="418" p="%^3CWskFOiEHOiVC$vbB$vowOiIyOi" /><g i="31" c="419" p="%^JL$vmJ$vqAiiqA$v3y$v3ydeqAdeoJZroJdeJLde" /><g i="32" c="420" p="%^0CHs5FOiwHOicC1y#ZAkBhykBSxhB0x7B0xhzDxlz#NylzqzTy#3ApytAbxZARvgwOiJyOi" /><g i="33" c="421" p="#^SF$vFFCvxFCuZDfwNBfwQzfwAy8vkx1ukxlskxhqUy8psA$niD$n%vF$n%vFYmvFMlNE3l4EmkICmkvBmkGAZkRzAlRzsm%BxsmBxtliyyk$yCjbA4joByiRCyi7FyipGHjIHQkLHQm%LHVsLHJudINv%dI$v^6ChuaDhu7EKt4FatvFis%vFBp%KDBpAzBpAz0sAz4thAHt$Ahu6Chu^bEgd%WGgd%FDSg%RBRg" /><g i="34" c="422" p="%^Qz9uyH9uyH$v3x$v3xkumEGkaxGkaxOibHOibHok" /><g i="35" c="423" p="#^9xhp9xamAymk$zyipCyiLEyi6G6k%cGOi%hIOi%hI4B%1G4B%1GNuFEfwoCfw$zfwAyou9xws9xrp^pzxppzPrmA6tkBpuYCpuZEpu1GCs%1G8mYEpkZCpklBpknAIlpz$mpzxp" /><g i="36" c="424" p="#^Py$v%Pyyk%Jwyk%JwOi%PyOi%PyrhPyjfXz9e3B$c9D$cXD$cIEcd%AE1f0EWemDWegCWeFBzf3Bcg3Boh%3BOi%UDOi%UDyk%3Byk%3B$v" /><g i="37" c="425" p="%^9A$vUx$vUxOi9AOi^aAhdVChdDzTgQxRg" /><g i="38" c="426" p="#^oA2p%oA$v%2y$v%2yde%CEdexHdeaJIfQKbhQKFjQKemcJEnBH2pAE2p^oA7n%CE7nuG7nuHemuIlluIGjuI4iuH7huGagKE8g%oA8g" /><g i="39" c="427" p="%^tD8n6IdeNKdeEEmpEE$viC$viCmpawdeSyde" /><g i="40" c="428" p="#^KLHnKLiqRKfsZJbumIdvLGfwBEfwvCfwTAdvfzaulygssxmqrxRn%rxzmrx$jky1idz3gRA1ftC_dAE_dIG_dkI0fZJ2gRK$hKLYjKLzm^oJxmoJnj7IHhSG$fAE$fmC$f4BHhOznjMznm%MzHnMzLq2BwslCguBEguTGgu6ICsmJYqoJSn" /><g i="41" c="429" p="#^1AOi%1Awx1AkBAwkBQvkBcv5B%cvizBvpzdwpz_wpznx_yNxAyNxzx%NxOi^yxhfyxLeTxnedy_dSy_dwz_dSzmecAKecAifcARfSzdgwzAgSyAgcyAgTxdgyxRfyxhf" /><g i="42" c="430" p="%^4BdeUGJsIMdeLPdeLP$vpN$vpN3pDNBhNH$v_F$vaADhpA3ppA$v3y$v3yde" /><g i="43" c="433" p="%^oBTpZzmrZz$vJx$vJxfdZzfdZzAobB8niFOi2IOiVCjoEI$v_F$v" /><g i="44" c="434" p="%^oJTsXLOibOOilK$vwI$viF_laC$vlA$vwwOiMyOimBGsrEOifGOi" /></glyphs></font><font id="30" name="RobotoBold Charset1 6P1WwffDFCd"><glyphs><g i="0" c="384" p="#^AzQc%eBNdbAsf9A9h%9Acj%mxcj%mxmhmxdg$xWeEyCdAzQc^MDQc%qFNdnEsflE9h%lEcj%yBcj%yBmhyBdgbCWeQCCdMDQc" /><g i="1" c="385" p="%^1M$vnI$vfBikfB$vAx$vAxdefBdeoIXpoIde1Mde" /><g i="2" c="386" p="#^fFFuYDfwEBfwwzfwoy1vhxOtgxrr%gxOi%NAOi%NAkrNAptGCpttEpt8F9s%8FOi%GIOi%GI$v%mF$v" /><g i="3" c="387" p="#^qDfwwAfwHytuTwGsTwIp%TwmpTwnnExPlpyekPzojeByi1DyiLFyiiHfkSIYlSI5p%SIyq%sAyqDAQruBDslCptFDptIFptRGWr%AIStNHZuqGCv4FfwqDfw^1DolZBoljB6mGAPmuA8o%oF8o%oFRnnFFmLE1m8Eol1Dol" /><g i="4" c="388" p="%^iCHrLEOirIOi_D$vCA$v9wOiRzOi" /><g i="5" c="389" p="#^OwgpOwinyxMljydkKzoj9Byi1DyiJFyipHbk5JPlhJDo%jJxpjJzsCHpuWFfw3DfwcAfwvyquOwAsOwqp^jAwpjApr1BpsLBpt3DptlEpt3FqsNFqrNFgpNFqn3FpmlEol1DolLBol1BpmjApnjAwp" /><g i="6" c="390" p="#" /><g i="7" c="391" p="#^FAOi%MAgkaCyizEyi6Hyi3IyksJyi1MyiaOyidPOjhQ2lhQzn%hQ$v%KM$v%KMynKMqmiMVlSLolLKol9JolyIVm%zI$v%1F$v%1Fzn1FpmAEVl8Eol2DolyBolTADm%TA$v%lx$v%lxOi" /><g i="8" c="392" p="#^BAOi%IAjk7CyivEyiBGyiDHNjFI$kGIsn%GI$v%8F$v%8Fxn8FpmFEVlaEol1DolyBolOAFm%OA$v%gx$v%gxOi" /><g i="9" c="393" p="#^vElsvEIrSDkrdDYqPBFq5xGp5xFm5xUkyyJj0AyimCyiTEyinGKjUHVkUHOm%nEOmnE2mTDzloD3lmC3ltB3lZAtluASluAtmuA4n1BrnBBOnVC3oeEjo8FEoXHGpXHcsXH$tnG7vQEfwnCfwJAfwqzFv8y3vpx1uGw$sGwOr%0AOr4AKsJAftmBLtsCLttDLt_DmtvEZsvEls" /><g i="10" c="394" p="#^$E$vLEwvEEPumDfwjBfwnzfw5y7vQw$tQwhsQwbqny3pXzXnTCXn%vEXn%vEanvEfm1EIlzD9lyC9lFB9l8BAlEA$lEALm%6xLm6xClPxEkxyFjQz6j7ByiKCyi9FyiBGNj2I$k2Idn%2IXs2IQuzINv%zI$v^4CytSCytwDctbERsvEgs%vE$p%bD$pxA$pmAQr%lA1slAHsPA7thByt4Cyt" /><g i="11" c="395" p="#^4BOi%4BIw4BUyVz6ALykBAwkBGvkBQu6B%QujytvryYvryyxryyxKw%yxOi^gxmfgxzeOx3ekyydezyd9AydHA3edBzedBmfdBagGAHg8AchezchlychOxHggxaggxmf" /><g i="12" c="396" p="#^OwipOwcmbynkAzyi_ByiVDyi9F_j%9Ffd%HIfd%HI$v%wF$v%lFBu1EfwYBfwDzfwcypuOwzsOwip^kAypkAprZApsDBptSCptuEpt9F0s%9FMmvEolTColkAolkAyp" /><g i="13" c="397" p="#^RCptPDptqETs1Fks3Frr%mIrrmINsEHVtWG0vFFEvpEfwUCfw3AfwqysuOwEsOwtp%OwepOwamqymk2AyiTCyimFyiRGYjlImlmIIn%3FIn1FGmqE1mPDolPColABolYAimkAbnkAcp%kAzpkACrXAwszBptRCpt" /><g i="14" c="398" p="#^ME5m2E$lvD$lvB$lTAln%TA$v%lx$v%lxOi%HAOi%NAmkRByiJDyijEyiQEIi" /><g i="15" c="400" p="%^4B$vxx$vxxfd4Bfd" /><g i="16" c="401" p="#^AByf%ABOi%QDOi%QDol%ABol%ABZrABIsSB1t8CltXCltvDltZDft%ZDWvXCfwQBfw7yfw1yvs%1yol%7wol%7wOi%1yOi%1yyf" /><g i="17" c="403" p="#^OwgpOwinyxMljydkKzoj9Byi1DyiJFyipHbk5JPlhJDo%jJxpjJzsCHpuWFfw3DfwcAfwvyquOwAsOwqp^jAwpjApr1BpsLBpt3DptlEpt3FqsNFqrNFgpNFqn3FpmlEol1DolLBol1BpmjApnjAwp^KDfd%AHfd%bE1h%kB1h" /><g i="18" c="404" p="#^3B$v%xx$v%xxOi%3BOi^kxmfkxzeSx3eoyydizydcAydKA3ehBzehBmfhBagKAHgbAchizchpychSxHgkxagkxmf" /><g i="19" c="405" p="#^xyHj%TwJiWx3hYxjf%Yxfd%MAfd%MA8fMAeg9AwhyzOixyHj^MCHj%6BJi9C3hbCjf%bCfd%$Efd%$E8f$EegoEwhNDOiMCHj" /><g i="20" c="406" p="%^gIKoeBKoeB$vAx$vAxde9Jde9JbheBbheBNlgINl" /><g i="21" c="407" p="#^xxguxxqt5yVsGynswznsoAnsYAVswBqtwBguwB5vYADvpA8wwz8wFy8w5yDvxx5vxxgu" /><g i="22" c="408" p="#^fJwpfJHsUHtuyGfw6EfwZBfwHABu%wA$v%lx$v%lxfd%TAfd%TAZj5Cyi5EyivGyiTHkkfJ5mfJjp^JFfpJFen4FjmsEolcDolwBolTAMm%TA$rxBptdDptWEpttFIrJFUqJFfp" /><g i="23" c="409" p="%^CHlsbBlsZz$v4w$vHCde5GdeKM$vRI$v^bCnpDGnpnEIi" /><g i="24" c="410" p="#^eJwpeJzsRHputGfw6Efw6CfwTARu%TA4B%lx4B%lxOi%DAOi%LA4k1Cyi5EyixGyiTHmkeJ9meJkp^IFfpIFon2FompEol9DolvBolTAFm%TA5sxBptbDptIFptIFfp" /><g i="25" c="411" p="%^gIgoeBgoeB3tvJ3tvJ$vAx$vAxdetJdetJbheBbheBqlgIql" /><g i="26" c="412" p="%^tB$vPx$vPxdetBde" /><g i="27" c="413" p="%^mCdeXG6rtLdehQdehQ$vCM$vCM7rZMKiaI$vFF$vTALieB7reB$vAx$vAxde" /><g i="28" c="414" p="#^eBKp%eB$v%Ax$v%Axde%wEdewGde1IYeyJGfmK1hbLnibL5kbLImoJdoCHKpsEKp^eBMm%wEMmZFMmJG4muHnluH7kuHPiJG0iYFchBEbh%eBbh" /><g i="29" c="415" p="#^bMwnbM8qfL7skK5uBIavTGfwEEfwqCfwHAbvZy7u0y9s3xaq2xCn%2xKm2x6k_x6iXy6gFA2foC_dCE_dQG_dzI2fiK6geL6ibM6kbMJm^tIImtIVjtHtitG0hCE0hMC0hMBsiMATjLAFm%LAvnLAeqLBLrLCftEEftuGfttHOrsIlqtIAn" /><g i="30" c="418" p="#^9Eup%eBup%eB$v%Ax$v%Axde%bEdekHde1JDfLK0hLKAjLKplYJDmaJQnAHyo%qLQv%qL$v%uH$v^eBwm%bEwmAFwmkGPl5H6l5HTj5HDinGVhFFbhbEbh%eBbh" /><g i="31" c="419" p="%^YKbhwFbhwF$vSB$vSBbhuwbhuwdeYKde" /><g i="32" c="420" p="#^hC$q%JEOi%vIOi%bD1y%VCKyJBkB$ykBdykBrx5B%rxqy%ZxryZyrysz7yYzPxeA6x%FA1w%1wOi%QzOi" /><g i="33" c="421" p="%^9B$vDx$vDxOi9BOi^6ArdYDrdzAdhIxdh" /></glyphs></font><font id="40" name="Roboto Thin Charset1 67DDwjsZBTm"><glyphs><g i="0" c="384" p="%^OHHq5zHq6x$vow$v2DdeRDdevK$vNJ$v^kz1qyH1qsD$e" /><g i="1" c="385" p="#^txfptx5mOykk7AyisCyiWDyi3FdjdGUjWGcl%WGOi%BHOi%BHMvBHnyfGRzVEkBBCkBgBkB9ALA2zaAgy5z%KyFyvzDzqA8AlBGAzCGACEGAKFqzTGbyWGXv%WGVteG1v3FEvVDfwqCfw7AfwOyrutxCstxqp^8ywp8ylsgzZtoABvpCBv4EBvfFPuqG1uWGDs%WGDmRFcjrCcjoAcjgzOk8yom8ywp" /><g i="2" c="386" p="#^VDgj%3DcjnBcjeAik6znlLyln%Ly$v%5y$v%5yOi%LyOi%Lyxlhz9kmAmjrByi3DyiEDyi_DGi" /><g i="3" c="387" p="#^RCfweBfwUzovzywuOx0t2xvr2xHp%2x8p2xinNxNlwyfkOzpj4ByiBCyiOEyicG7kCHHlCHfo%CHYo%JxYo%JxGpJxhroyFs3z1ufAPusBBvRCBvaEBv5F9v1GIuLGNt%dH6uLFfwRCfw^BCcjGAcjkzEk_x3mLxio%YGio%YG7oYGNmnGElPFukPERjQDcjBCcj" /><g i="4" c="388" p="#^DG$voG9voGAtCFRufEyvUCfwbBfwmzfweyfv7xfu7xFs7xQqMyKppAEo7DDo%oGDo%oGHmoG1llF7kiEcjmCcjyAcjkz7k7y2l7yqm%txomtxNkUyGjjAyimCyiuEyiKFCj$GGk2HCm%2HWs2H5voHTv%oH$v^bBBv2DBvnEMuJFWtoGqs%oGhp%kDhpvAhp$ypqNxjrNxHsNxUtKyLuIzBvbBBv" /><g i="5" c="389" p="#^LySlpzkkFArjWByirDyizFyiBGLjDHXkEHnn%EH$v%_G$v%_GmnZGel6GdkgFcjpDcjHBcjrAqkbzDlLyxn%Ly$v%5y$v%5yOi%LyOi" /><g i="6" c="390" p="#^uxfpux5mPykk8AyitCyiYDyi5FdjeGTjXGdl%XGfd%CHfd%CH$v%XG$v%XGTtgG$u5FDvWDfwrCfw8AfwPyruuxCsuxqp^aywpaykshzZtoABvqCBv3EBvdFSunG7uXGKs%XGxmPFcjsCcjqAcjizOkayomaywp" /><g i="7" c="391" p="#^5x8p5xenPxKlyydkSzojbByiSCyiwEyiQFmj9HakUHHlEIbnEI3p%EIEpEIyrWH3tcHzuTFpvzEfwUCfwdBfwUzqvzyAuQx5t5xBr5xJp^LxEpLxhroyGs2z2udAQuoBBvUCBv8FBvzGUt_Hbs_Hwp%_H8p_HwnkH8mGGLkvF_jlEcjSCcjCAcjazWkLxEmLxfp" /><g i="8" c="392" p="#" /><g i="9" c="393" p="#^XG$v%XGStmGYueFCv6EfwoCfweAfw8z_u3yJt2yir%2yOi%IyOi%IykrKyqtFzwuAABvmCBvgEBvrFIuDGOtXG4s%XGOi%CHOi%CH$v" /><g i="10" c="394" p="#^5z$v%5zsj%Owsj%OwOi%5zOi%5z7h6zaf8A5ebB$c2D$cPE$cjGHd%dGje%vF1euEFd2DFdxBFdEABeLzwfLzah%LzOi%fDOi%fDsj%Lzsj%Lz$v^NG$v%7G$v%7GOi%NGOi" /><g i="11" c="395" p="#^xH$v%TG$v%TG7nSG8l$Fak8FcjgDcj5BcjJz6lUyfmDyEn%Dy$v%Yx$v%YxOi%DyOi%DyVlizikxAqjNByiiDyiZEyi0Ghj4H$jpHGl_HekiJojDKyigMyioOyirPLjuQYkvQnn%vQ$v%RP$v%RPqnRPflZOdk5OajdMcjPJejqI6lCHcmxHcn" /><g i="12" c="396" p="#^zzef%zzOi%zCOi%zCsj%zzsj%zzQszzeu0AWuuABvzBBv5CBvSCtv%ZC5wzCfwBBfw9AfwxzsvVyEuUyWs%Uysj%swsj%swOi%UyOi%Uyef" /><g i="13" c="397" p="#^eGMseGmq7CupGzZoIy8oKxjnKxTlKxqkYyujbAyi9CyiiEyiAFzjTGAkTGjm%cGjmcG_k4F5kZDcj9CcjqAcjpzYjoyIkoyRloyKmMyfn9zLn$z9oSAzovCYo8Ekp4FRp1GlqsG2rUGLrUGMsUGkuCFivkEfwfCfw1AfwGyfvjxeujxEs%ZxEs3y1ubzPukABvfCBv1EBv7FMueGXteGMs" /><g i="14" c="398" p="#^ACBvnEBvxFEuIGGtPG_r%tH_rnHVt_F4vCEfwACfw5AfwDysuaxFsaxAp%ax8pax7mDylk5AyiyCyiFEyi0GPjoH3ltH8n%PG8nJGmlyFhkoEcjyCcjlAcj5zOkRxomRxdp%RxEpRxqs5z0umABvACBv" /><g i="15" c="400" p="%^nzdeHG1v0Ode_Ode_O$vjO$vjObfYG$vrG$v5zhf5z$vry$vryde" /><g i="16" c="401" p="#^Vy$v%fy$v%fyOi%VyOi^VxFeVxne5ybeiy_dAy_dSy_d3zbegznegzFegzXe3z8fSylfAylfiylf5y8fVxXeVxFe" /><g i="17" c="403" p="#^5z$v%5zsj%Owsj%OwOi%5zOi%5zSg6z1f0A0eWA$cyC$csD$c6Ecd%0EQdnDFdzCFdfBFdvAveLzlfLzVg%LzOi%fDOi%fDsj%Lzsj%Lz$v" /><g i="18" c="404" p="#^0Lro0LLqbKxsnJiuRHhvkGfwkEfwkBfwtz6uDxZrDxlo%DxNlDxujryIhgzWfOAYekC_djE_diG_dQHYemJWfbKJh0Lvj0LNl^mKLlmKxiJIBg5HEejEEezBEeWzAgiyviiyRl%iyroiyzq1zcsMzQt7BJuvCBvkEBv6HBvKIFtmKIrmKlo" /><g i="19" c="405" p="%^Vy$vfy$vfyfdVyfd" /><g i="20" c="406" p="%^HASoGAToLyxqLy$v5y$v5yfdLyfdLyPpiAlojGOifHOibBqoDH$vMG$v" /><g i="21" c="407" p="#^NxovNx6vZxWuayJusyJuKyJuXyWu8z6v8zov8zGvXyTvKy4wsy4way4wZxTvNxGvNxov" /></glyphs></font><font id="50" name="Roboto ThinBold Charset1 6hZAC4T9PqM"><glyphs><g i="0" c="384" p="#^7Fyo%tzyo%tz$v%ky$v%ky5e%8E5eSG5euIwf6KWg6Klj6KdlXIDmNH0oaGio%QKwv%QK$v%MJ$v^tzqn%JEqnDGqnNHgmYI6lYIljYIqhFHkgnGdf5Edf%tzdf" /><g i="1" c="385" p="#^YCewjBewXzmvAytuOxYs1xqr1xyp%1x0p1xanMxDlwy4kQzcj9BkiJCki$EkirGYjUHzlUH9o%UH5p%by5p%byypby4rPynsszFtzAouGB6vYC6vcE6v3FIuWFhuLGjt%wHQtXFewYCew^JCsjXAsjHzOkry7mdyZn%LGZn%LG2oLGNmdGIlHFDkME2kSDsjJCsj" /><g i="2" c="386" p="#^1Gzs1GqqdCCpKz4pJydoIxlnIxQlIxhk_yjjhAkiiCkitEkiPFojaHskaHvm%0Gvm0G3l_EgkZDsjiCsjGAsjMz8kSyPkSyOlSyBmbz2nwzuniATn5BfoICDokE$oiFxphG2qKGOqbHxrbHAsbHeuRFevvEewoCew7AewIybvhx8uhxds%qydswyHtyzpuAA6voC6v1E6v1Fmu1GCt1Gzs" /><g i="3" c="387" p="#^KG$v%KGUtBGVuqFAvgEewwCewhAew9zWu1yBt$x7r%$xzi%9zzi%9zpraz8t0A7uSA6vvC6vgE6vlFhurGstKGTr%KGzi%UHzi%UH$v" /><g i="4" c="388" p="#^PH$v%GG$v%GG2nFGclTFkk6FsjnDsjnBsj8AQkkzjm4zAn%4z$v%Wx$v%Wxzi%4zzi%4zClhz8kzAejRBkiqDki7FkieG5jlHSjwHnlOH4k9JcjxKkicMkipOkivPBjBQRkCQin%CQ$v%sP$v%sPlnsPjlFOnkTNqjaMsjXJujDIdlTHdmPH5n" /><g i="5" c="389" p="#^czzlnz9kGAfjZBkiyDkiLFkiQGAjVHQkVHin%VH$v%MG$v%MGhnLGilZFnkcFsjwDsjXBsjMAAkCzIlczun%cz$v%2y$v%2yzi%czzi" /><g i="6" c="390" p="#" /><g i="7" c="391" p="#^sx8psxYlPy8kbAkiBCki6EkiiF0juGIjKGWk%KG7d%TH7d%TH$v%KG$v%KGVtvGZuhFCv4EewzCewbAewPynusxvssxip^DyopDy4sFzBtHA6vyC6v4E6v8FrudGMtKGus%KGwmHFsjACsjJAsjGzXkDypmDyop" /><g i="8" c="392" p="#^sIopsIus4HmuJFewlDewPBewBACvozZuaz_t%az_A%1y_A%1yzi%azzi%azSkpzIjBA0jOBkijDkiJFki4H9ksIZlsIbp^iH8piHqmfGXkcFsjkDsjNBsjIAfkEz2lazvm%azvsEzJtIAquNB6vmD6vcF6vfGCtiH6siH8p" /><g i="9" c="393" p="#^uG$vaGYuaGDtRFOusEwv3DewkBewrzewgybv5x8u5xss5xyqNyqptAiouDho%aGho%aGDmaG5ldFhkhEsjuCsjNAsjGzikAy8lAyCm%rxAmrxEkVyujnAkiuCkiFEkiZFrjhHykkHMm%kHKskHQuFHBv%FH$v^kB6v4D6vjEkuzFytaGas%aGpp%rDppLAppkzsqeyhreyvseyAt6zlu_z6vkB6v" /><g i="10" c="394" p="#^3x0p3x6nOxAlyy2kVzbjgBki_CkiGEki1GajoH$j8IxlUI2nVIXo%VIwpVIrr9IZsqHvu3GnvJEew$CewhBewWzovzyxuPx0t4xur3xBp^dywpdy5rQyosrzGtwAouCB6v$C6v5F6vqGwtLHWrLHop%LH0pLHun7HbmwGUkqFaklEsj_CsjTAsjyz3ldyFmdy8p" /><g i="11" c="395" p="#^eEwj%9DsjDBsjzAtkwztlczgn%cz$v%2y$v%2yzi%czzi%czelgz_jnA9jvBkiaDkiNDkikEyi" /><g i="12" c="396" p="#^rx8prxYlOy8kaAkiACki5EkihF1jtGJjHGVk%HGzi%SHzi%SHwvSHaytGHz5FdBJCdBlBdBcADA4z1AeyLy%Yy5ySz7zIACzyB5AHC5AAE5ADFXyGGOxHGGv%HGXtsG_ufFCv3EewyCewaAewOynurxvsrxip^ByopBy5sEzCtHA6vxC6v5E6vaFougGGtHGos%HGCmJFsjzCsjHAsjEzXkBypmByop" /><g i="13" c="397" p="%^6CtuBGziIHziBC$vCB$vvwziDxzi" /><g i="14" c="398" p="#^1z$v%1zHj%NwHj%Nwzi%1zzi%1z9h2z8f7A0edBTc8DTcXETcCGEd%sGFe%mFjewE$d9D$dMB$dZAReaAGfaAch%aAzi%BDzi%BDHj%aAHj%aA$v^4H$v%WF$v%WFzi%4Hzi" /><g i="15" c="400" p="#^eLjoeLEqoKsszJfu$HfvsGewqEewmBewtz3uAxUrAxeo%AxJlAxqjpyDhfzPfPAQenCRdoERdqGRd_HQeyJPfoKDheLrjeLJl^4KHl4KDixIOg$GZeoEZePBZehANgLyBiLyNl%LykoLynqrzWr8AttpBiuHC6vqE6v0H6vyIht4Krr4Keo" /><g i="16" c="401" p="#^$z3f%$zzi%XCzi%XCHj%$zHj%$zEs$zYtoAxuNA6vIB6vcC6vbD_u%kD$vKCewKBewbAewwznvRyvuRyJs%RyHj%rwHj%rwzi%Ryzi%Ry3f" /><g i="17" c="403" p="%^lz$vcy$vcy7dlz7d" /><g i="18" c="404" p="%^QA_o0BXobzvqbz$v2y$v2y7dbz7dbzqpiA3ofGzixHziABkoUH$vHG$v" /></glyphs></font><font id="60" name="Roboto Light Charset1 5tzwOuaSTu1"><glyphs><g i="0" c="384" p="%^EGgqpJgqpJvrEGvrEG$v9F$v9FvrPwvrPwFq1FdeEGde^Cygq9Fgq9F6gxEeh" /><g i="1" c="385" p="#^Mx6vMxHu1youjy5uOy5uhz5uzzouRzHuRz6vRzxvzzPvhz5wOy5wjy5w1yPvMxxvMx6v" /><g i="2" c="386" p="#" /><g i="3" c="387" p="#^iIDriI9qfHipdGqosDFnIATmrzZlDxGkDxziDxxgizgf_A_dBD_dnF_dMGGeaIlfXIzgIJNhIJhj%bIhjbIthXGmgIFffBDffzBfflA9g8z3h8zxi8zUjdALkjBClIDgm6GVmkHCnzIjobJipPJgqPJCrPJIt7I_usGfwIDfwQBfwfAAvHyVuTxIt3xus3xWq%AyWqAyOsZzUtnB_uID_uNF_u1H3uiI8tiIDr" /><g i="4" c="388" p="#^xz$v%3y$v%3yOi%xzOi^PxZePxze4yhely$dPy$dhz$dyzheQzzeQz_eQzofyzGfhzYfPyYflyYf4yGfPxofPxZe" /><g i="5" c="389" p="#^jxgpjxbmHynk3AyipCyi5FyiuGFk%uGfd%XHfd%XH$v%AG$v%wGeu6FfwoCfw6AfwIypujxzsjxrp^NyxpNy3sOzxtPA_uFC_umF_uuGBs%uGommFPjHCPjRAPjPzglNyImNyxp" /><g i="6" c="390" p="#^0DfwkBfwZzqvCyAuRx5t5xCr5xMp%5xfp5xlnQxPlAyhkUzqjcByiLCyi9FyizGbkZHQlZHGo%ZHvp%yyvp%yyMpyy0sQzwt7B0v4D0vfE0v8FBu2G9uNGdt%HHVt4Gfw0Dfw^LCOj5BOjZz$kRycmByfo%wGfo%wG4osGbmqF$kpEOjLCOj" /><g i="7" c="391" p="#^xIxpxICs9HruOFfwuDfwKAfwjzbu%fz$v%Ux$v%Uxfd%lzfd%lzIkKAyitDyiPFyiaHlkxI7mxIjp^3Hgp3HFm2Gel2FPjcDPjOBPjPAvkRzbllzwm%lzusrA_udD_u1F_u2Gyt3H6s3Hgp" /><g i="8" c="392" p="#^eG$v0GnvYF9ubF9v_DIvOCfwtBfwzzfwoybvdx7udxvsdxzqPyspqAkoiDko%XFko%XFPmXFpl3FBkbENjwCNj$ANj$zzk$yll$yrm%xxqmxxRk_yIjsAyiBCyiPEyi4GFjmHLkoHJm%oH_soHUuOHRv%OH$v^EBYu6DYugEfuqFxtXFls%XFsp%kDsp8BtpVzfqGy0rGynsGyutvzdukAYuEBYu" /><g i="9" c="393" p="#^wIxpwICs8HruNFfwuDfwNAfwlzlu%lz4B%Ux4B%UxOi%ezOi%jzFkLAyisDyiQFyiaHlkwI7mwIjp^2Hgp2HKm0Ghl_EPj7DPjNBPjPAskSz5llzkm%lzGsSzPtQAquPB0v8D0v_E0v0Gyt2H3s2Hgp" /><g i="10" c="394" p="#^$D1kxDYj0DYjEBYjHAJkLztllzWm%lz$v%Ux$v%UxOi%kzOi%lzUkvAyi3DyiHDyi1EIi" /><g i="11" c="395" p="#^NC0viE0vkF9umGhtsGWr%SHWrOH7t5H7upG7vfFHv5EfwNCfwaAfwFyru8xDs8xAp%8x8p8xbnPxHlvyakNzmj3ByiMCyiXEyilGRjMH7lSHen%sGenmGHlkFLkjEOjMCOjNAOjHzdlCyEmCydp%CyFpCyasHzBtNA0vNC0v" /><g i="12" c="396" p="#^hzOi%lz2l4AQjbBbjiCyiEDyiMFyiOGLjRHXkSHkn%SH$v%pG$v%pGjnoGxlFFGkWEPjiDPjXBPjUAFkRzvllzXm%lz$v%Ux$v%UxOi" /><g i="13" c="397" p="#^aAqf%aAOi%VCOi%VC$j%aA$j%aAOsaAVtzAsuYA_uUB_ufC_u4DSu%8D1wzCfwABfw3AfwnznvIyvuIyOs%Iy$j%gw$j%gwOi%IyOi%Iyqf" /><g i="14" c="398" p="#^5xcp5xinQxMlzyekVzojgByiZCyiCFyieHokTIemTIip%TIBpTIvr8I2tpHAu3GqvJEfw$CfwnAfwKypu5xys5xup^zyBpzyZrNzvt0B0v$C0vZE0vbGvtqHZrqHup%qHcpqHHnSGrmjGaliFukhEOjZCOj0BOjNzklzySmzykp" /><g i="15" c="400" p="#^PFEsPFyrXEUq3EeqiCSpyAupAz0pCyxo7yQnFx7nFx8mFxAkZyzjhAyijCyixEyiSFEjcHJkcHum%KFumKFklMEzkODOjjCOjTAOj$zrk7z4l7z5m7z5nRzEnAAaovCDoqE4pnFBplG6qOGQqgHyrgHzsgHeuWFfvAEfwpCfw5AfwFy7vdx$tdxis%HyisNyAtMziuMA0vpC0vWD0vSEluPFGtPFEs" /><g i="16" c="401" p="#^oGku4FfwbCfw3AfwZy0vTxNtRxor%RxOi%izOi%izbriz_umC_uxF_unGls%nGOi%QHOi%QH$v%qG$v" /><g i="17" c="403" p="%^0C_t1GOixHOiBC$vqB$vswOiZxOi" /><g i="18" c="404" p="%^wz$v2y$v2yOiwzOi^gAxd1CxdczXgWxVg" /><g i="19" c="405" p="#^VAkm%qCkmHDkmDETlzFql2GFkyGTjyGSiyG9hAFcgDEefPCef6Bef0AegWyehWyUi%sxUisxvh8ymgRydf4ACejB_dPC_deF_dDGif0ICg0IVi0IckcHhloGmm_EUmEGmnuHuolICplIarlIstSGSunFfwTCfwiBfwZzCvEyZuVxQtbxHsbxar%FyarFyTsRzYt1B0vTC0vME0vQF2uUG3tUGerUGspKFwoBEAnnCAn%VAAn" /><g i="20" c="406" p="#^ezOi%hzXk0AKj6B8jcCyiyDyiGGyiwH6ldITjpJdjBKyi0MyigQyimQan%mQ$v%UO$v%UOhnTOwl7OGknNPjGLPj6KQj0JQkXHPlPHfn%PH$v%lG$v%lGankGulxFFkLEPj7DPjKBPjLABkMznlhzXm%hz$v%Qx$v%QxOi" /><g i="21" c="407" p="#^tzOi%tzzxtzozBymAJxkB$vkBlvkBJu5B%LuUzhv3ARv3A0y3A0yyx%0yOi^Ly$dez$dvzheMzzeMz_eMzofvzGfezYfLyYfhyYf0yGfMxofMx_eMxze0yhehy$dLy$d" /><g i="22" c="408" p="#^Bxjz%JwGyQxbxTxBv%TxIt%izIt%izdvizMxBxjz" /><g i="23" c="409" p="#^4CTt%XFOi%wHOi%TBey%ABWyvAkBdykBIxkB6x9B%5xXz%Rx0AWy0AAzuzfAYyJAFx%mBTv%nwOi%_xOi" /><g i="24" c="410" p="#^OI$v%Gx$v%GxTu%MDYngFdmRF5lrGYjrGTirGbhsFdgtEefKCefXAefQzngKywhKymj%hxmjhxRhYxDgDyofTzHe8B_dKC_daF_dyGgfWHygWHLiWH$j8HulnGYmqE9p%tzMu%OIMu" /><g i="25" c="411" p="#^QKsqwKgtPIMu6HfwhEfwiCfwNAgvgzguryssCxEqBxjo%Bx$lBxDjqyOhfzZfOA_emC_doE_dfH_dVIwfzK2hQKMj%jJMjLIffoEffZBffxA3h6zSi6z2m%6zeo6zjrvA9tVB_uhE_uEG_uQHSt1JJsjJsq" /><g i="26" c="412" p="%^tE$v$C$v$C_fayOhayqgdEaetEae" /><g i="27" c="413" p="%^tL$vZJ$vLzNgLz$vey$veydeLzde_Jrt_JdetLde" /><g i="28" c="414" p="#^My$v%My$j%Aw$j%AwOi%MyOi%MyrhMykfVzae3B$c9D$cOE$cxGJd%hGZeOEkefDkeeAkeeAsh%eAOi%kDOi%kD$j%eA$j%eA$v^jH$v%SF$v%SFOi%jHOi" /><g i="29" c="415" p="#^yx6vyxHuPxou5y5uAy5u3z5ulzouDzHuDz6vDzxvlzPv3z5wAy5w5y5wPxPvyxxvyx6v^AxRjAxqjRx7j7yQiCyQi5zQinz7jFzqjFzRjFzgknzyk5zQkCyQk7yQkRxykAxgkAxRj" /><g i="30" c="418" p="#^ey$v%eyde%cDdeoFde7HdfSIcgQJ3iOKWjOKhm%OKWnOKiqQJ8sTI_t7H$unF$v5D$v^Lzuf%LzKu%6DKuWFKuCHTsjJ$qjJPn%jJfmjJbjEHlhZFufeDuf" /><g i="31" c="419" p="%^xz$v3y$v3yfdxzfd" /><g i="32" c="420" p="#^jxgpjxamHymk3AyiqCyi6FyiwGHk%BGOi%YHOi%YHKvYHhyxGMz6FgBFCgBhBgB1AEANy1A3y$y%Ty7yqA1AzC1AoE1ApFXyrGSxuGYv%uGhu4FfwoCfw5AfwIyqujxAsjxtp^OyxpOy3sOzxtPA_uFC_umF_uuGzs%uGpmZF8l$Euk2EPjHCPjRAPjPzglOyImOyxp" /><g i="33" c="421" p="#^oGku4FfwbCfw3AfwZy0vTxNtRxor%RxOi%izOi%izbriz_umC_uxF_unGls%nGOi%QHOi%QH$v%qG$v^sEod%dGod%oDOg%6CNg" /><g i="34" c="422" p="#^5xcp5xinQxMlzyekVzojgByiZCyiCFyieHokTIemTIip%TIBpTIvr8I2tpHAu3GqvJEfw$CfwnAfwKypu5xys5xup^zyBpzyZrNzvt0B0v$C0vZE0vbGvtqHZrqHup%qHcpqHHnSGrmjGaliFukhEOjZCOj0BOjNzklzySmzykp^rEod%cGod%nDOg%5CNg" /></glyphs></font><font id="70" name="Roboto LightBold Charset1 6mwYAuqXr2M"><glyphs><g i="0" c="384" p="%^iIRnaARnaA$vby$vby5evJ5evJQfaAQfaA6miI6m" /><g i="1" c="385" p="#^Zz$v%1y$v%1yzi%Zzzi^Nx1fNxye6yceryRd$yRdAzRdVzcefAyefA2ffAyfVzVfzzfg$yfgryfg6yVfNxyfNx1f" /><g i="2" c="386" p="#^kEgkCDbk7DbkTBbk$AUk8AAlNzTm%Nz$v%Sx$v%Sxzi%Lzzi%MzCkwAkibDkiRDkinEzi" /><g i="3" c="387" p="#^Fzzi%HzFk$zzj7BYigCkiFDkiVGkiCHPk2IHjgJ0jvKkiZLkinQkitQjn%tQ$v%xO$v%xOdnwOAlRNQkaN3kDL3kbK4kbJ$kbIVl4I9n%4I$v%8G$v%8G6n8GylrFPkKE3keD3kZB3k3BNk9AvlKzVm%Kz$v%Ox$v%Oxzi" /><g i="4" c="388" p="#^6G$vPFbvOFbupF7vbEHv_CewCBewEzewpy7vbx0ubxisbxiqRy8pvA_noD_n%LF_n%LFKmLFslZEKkbE0kEC0keB0kkAJkrzqlrzDm%vxCmvxIk0zwjxAkiJCkiZEkiiGujDHDkGHTm%GHNsGHEu3Izv%3I$v^NBuu8DuucEQthFatLF6s%LFzp%rDzpnBApfAiq7z$q7zbs7zatRzQtAAuuNBuu" /><g i="5" c="389" p="#^CFssCFwrQEWq2EkqkCZpCABpCz6pDyCo7yTnDx8nDx4mDxrk_yojlAkirCkiHEki4GtjuHBkuHGm%yFGmyFplGEJkOD1krC1k6B1kkABkzz9lzz1mzzUmcAnnSASnKCioCEKoAFgpzGNp2HyqyHjryHnsyH8u8GbvKEewwCewaAewHy4vcxVtcxTr%6zTrczft5AVt$AyuwCyuXDyuMEYtCFltCFss" /></glyphs></font></bwFonts>