<?xml version="1.0" encoding="utf-8"?>
<manifest identifier="Foundation_Milestone_city" version="1.0" xmlns="http://www.imsproject.org/xsd/imscp_rootv1p1p2" xmlns:adlcp="http://www.adlnet.org/xsd/adlcp_rootv1p2" xmlns:xsi="http://www.w3.org/2001/XMLSchema-instance" xsi:schemaLocation="http://www.imsproject.org/xsd/imscp_rootv1p1p2 imscp_rootv1p1p2.xsd http://www.imsglobal.org/xsd/imsmd_rootv1p2p1 imsmd_rootv1p2p1.xsd http://www.adlnet.org/xsd/adlcp_rootv1p2 adlcp_rootv1p2.xsd">
  <metadata>
    <schema>ADL SCORM</schema>
    <schemaversion>1.2</schemaversion>
    <lom xmlns="http://www.imsglobal.org/xsd/imsmd_rootv1p2p1" xmlns:xsi="http://www.w3.org/2001/XMLSchema-instance" xsi:schemaLocation="http://www.imsglobal.org/xsd/imsmd_rootv1p2p1 imsmd_rootv1p2p1.xsd">
      <general>
        <title>
          <langstring xml:lang="x-none">Learning city</langstring>
        </title>
      </general>
      <lifecycle>
        <version>
          <langstring xml:lang="x-none">1</langstring>
        </version>
        <status>
          <source>
            <langstring xml:lang="x-none">LOMv1.0</langstring>
          </source>
          <value>
            <langstring xml:lang="x-none">Final</langstring>
          </value>
        </status>
      </lifecycle>
      <metametadata>
        <metadatascheme>ADL SCORM 1.2</metadatascheme>
      </metametadata>
      <educational>
        <typicallearningtime>
          <datetime>PT0H0M0S</datetime>
        </typicallearningtime>
      </educational>
      <rights>
        <cost>
          <source>
            <langstring xml:lang="x-none">LOMv1.0</langstring>
          </source>
          <value>
            <langstring xml:lang="x-none">yes</langstring>
          </value>
        </cost>
        <copyrightandotherrestrictions>
          <source>
            <langstring xml:lang="x-none">LOMv1.0</langstring>
          </source>
          <value>
            <langstring xml:lang="x-none">yes</langstring>
          </value>
        </copyrightandotherrestrictions>
      </rights>
    </lom>
  </metadata>
  <organizations default="Learning_city_ORG">
    <organization identifier="Learning_city_ORG">
      <title>Learning city</title>
      <item identifier="Foundation_Milestone_city_SCO" isvisible="true" identifierref="_Foundation_Milestone_city_RES">
        <title>Learning city</title>
        <adlcp:masteryscore>20</adlcp:masteryscore>
      </item>
    </organization>
  </organizations>
  <resources>
    <resource identifier="_Foundation_Milestone_city_RES" type="webcontent" href="index_lms.html" adlcp:scormtype="sco">
      <file href="story_content/thumbnail.jpg" />
      <file href="story_content/6c02RLBp4OD_80_DX278_DY278.swf" />
      <file href="mobile/6c02RLBp4OD_80_DX278_DY278_CX179_CY108.png" />
      <file href="story_content/5zg4cwLILZC_80_DX200_DY200.swf" />
      <file href="mobile/5zg4cwLILZC_80_DX200_DY200_CX131_CY107.png" />
      <file href="story_content/6pXN9xwLuow_80_DX266_DY266.swf" />
      <file href="mobile/6pXN9xwLuow_80_DX266_DY266_CX168_CY102.png" />
      <file href="story_content/6qluExgI2M0_80_DX278_DY278.swf" />
      <file href="mobile/6qluExgI2M0_80_DX278_DY278_CX174_CY102.png" />
      <file href="story_content/6JF1QTY5EAu_80_DX126_DY126.swf" />
      <file href="mobile/6JF1QTY5EAu_80_DX126_DY126_CX51_CY83.png" />
      <file href="story_content/6otb0cdhfMj_80_DX110_DY110.swf" />
      <file href="mobile/6otb0cdhfMj_80_DX110_DY110_CX58_CY81.png" />
      <file href="story_content/6aiEfm3Wwdo_80_DX258_DY258.swf" />
      <file href="mobile/6aiEfm3Wwdo_80_DX258_DY258_CX171_CY90.png" />
      <file href="story_content/6ALmpnstG9b_80_DX230_DY230.swf" />
      <file href="mobile/6ALmpnstG9b_80_DX230_DY230_CX146_CY89.png" />
      <file href="story_content/6TXJjEsMRJ0_80_DX126_DY126.swf" />
      <file href="mobile/6TXJjEsMRJ0_80_DX126_DY126_CX51_CY83.png" />
      <file href="story_content/6UmJ8efZiqE_80_DX126_DY126.swf" />
      <file href="mobile/6UmJ8efZiqE_80_DX126_DY126_CX51_CY83.png" />
      <file href="story_content/_glow.swf" />
      <file href="story_content/6OogsSsUpIS_80_P_29_0_980_463_DX1504_DY1504.swf" />
      <file href="mobile/6OogsSsUpIS_80_P_29_0_980_463_DX1504_DY1504_CX980_CY463.png" />
      <file href="story_content/5gMEWPFrv1G_80_DX112_DY112.swf" />
      <file href="mobile/5gMEWPFrv1G_80_DX112_DY112_CX57_CY81.png" />
      <file href="story_content/Shape6GeannKwble.swf" />
      <file href="story_content/5zzg2H9kNKt_80_DX98_DY98.swf" />
      <file href="mobile/5zzg2H9kNKt_80_DX98_DY98_CX61_CY73.png" />
      <file href="story_content/6dFhJbj5kVC_80_DX108_DY108.swf" />
      <file href="mobile/6dFhJbj5kVC_80_DX108_DY108_CX61_CY81.png" />
      <file href="story_content/6N463gdn3Dw_80_DX100_DY100.swf" />
      <file href="mobile/6N463gdn3Dw_80_DX100_DY100_CX62_CY70.png" />
      <file href="story_content/6INoyAy5Ie3_80_DX594_DY594.swf" />
      <file href="mobile/6INoyAy5Ie3_80_DX594_DY594_CX203_CY445.png" />
      <file href="story_content/5biKWjDeqlm_80_P_32_670_197_1057_DX4096_DY4096.swf" />
      <file href="mobile/5biKWjDeqlm_80_P_32_670_197_1057_DX4096_DY4096_CX97_CY522.png" />
      <file href="story_content/5biKWjDeqlm_80_P_0_674_1115_1052_DX4096_DY4096.swf" />
      <file href="mobile/5biKWjDeqlm_80_P_0_674_1115_1052_DX4096_DY4096_CX551_CY520.png" />
      <file href="mobile/6otb0cdhfMj_80_DX110_DY110_CX49_CY69.png" />
      <file href="story_content/5zOM6lAqczJ_80_DX680_DY680.swf" />
      <file href="mobile/5zOM6lAqczJ_80_DX680_DY680_CX509_CY388.png" />
      <file href="story_content/5zOM6lAqczJ_80_P_0_0_802_149_DX680_DY680.swf" />
      <file href="mobile/5zOM6lAqczJ_80_P_0_0_802_149_DX680_DY680_CX505_CY94.png" />
      <file href="story_content/5zOM6lAqczJ_80_P_0_14_377_490_DX678_DY678.swf" />
      <file href="mobile/5zOM6lAqczJ_80_P_0_14_377_490_DX678_DY678_CX240_CY312.png" />
      <file href="story_content/5zOM6lAqczJ_80_P_0_0_181_94_DX678_DY678.swf" />
      <file href="mobile/5zOM6lAqczJ_80_P_0_0_181_94_DX678_DY678_CX115_CY60.png" />
      <file href="story_content/5zOM6lAqczJ_80_P_0_0_181_47_DX678_DY678.swf" />
      <file href="mobile/5zOM6lAqczJ_80_P_0_0_181_47_DX678_DY678_CX115_CY30.png" />
      <file href="story_content/5zOM6lAqczJ_80_P_0_467_377_143_DX678_DY678.swf" />
      <file href="mobile/5zOM6lAqczJ_80_P_0_467_377_143_DX678_DY678_CX239_CY91.png" />
      <file href="story_content/Shape6D9d7tZBY2n.swf" />
      <file href="story_content/5bG6MqCwgzI_80_DX290_DY290.swf" />
      <file href="mobile/5bG6MqCwgzI_80_DX290_DY290_CX162_CY47.png" />
      <file href="story_content/6kB1XqyvWqR_80_DX238_DY238.swf" />
      <file href="mobile/6kB1XqyvWqR_80_DX238_DY238_CX134_CY35.png" />
      <file href="story_content/5biKWjDeqlm_80_P_1240_853_250_800_DX4096_DY4096.swf" />
      <file href="mobile/5biKWjDeqlm_80_P_1240_853_250_800_DX4096_DY4096_CX126_CY403.png" />
      <file href="story_content/5XWxPNxDrHB_80_P_0_0_741_957_DX884_DY884.swf" />
      <file href="mobile/5XWxPNxDrHB_80_P_0_0_741_957_DX884_DY884_CX367_CY475.png" />
      <file href="story_content/6WYpB6hNP1s_80_P_106_0_469_606_DX206_DY206.swf" />
      <file href="mobile/6WYpB6hNP1s_80_P_106_0_469_606_DX206_DY206_CX26_CY34.png" />
      <file href="story_content/5qrtUJrFi41_80_DX322_DY322.swf" />
      <file href="mobile/5qrtUJrFi41_80_DX322_DY322_CX161_CY47.png" />
      <file href="story_content/5bAMcc75ocX_80_P_0_101_834_539_DX1458_DY1458.swf" />
      <file href="mobile/5bAMcc75ocX_80_P_0_101_834_539_DX1458_DY1458_CX784_CY507.png" />
      <file href="story_content/Shape5ZGHlKAgjbD.swf" />
      <file href="story_content/6JuRhnsY62S_80_DX1132_DY1132.swf" />
      <file href="mobile/6JuRhnsY62S_80_DX1132_DY1132_CX582_CY170.png" />
      <file href="story_content/63wFBifJONj_80_DX80_DY80.swf" />
      <file href="mobile/63wFBifJONj_80_DX80_DY80_CX60_CY41.png" />
      <file href="story_content/5bAMcc75ocX_80_P_0_101_834_620_DX1458_DY1458.swf" />
      <file href="mobile/5bAMcc75ocX_80_P_0_101_834_620_DX1458_DY1458_CX697_CY519.png" />
      <file href="story_content/5biKWjDeqlm_80_P_69_734_69_968_DX4096_DY4096.swf" />
      <file href="mobile/5biKWjDeqlm_80_P_69_734_69_968_DX4096_DY4096_CX38_CY529.png" />
      <file href="story_content/5biKWjDeqlm_80_P_69_734_160_970_DX4096_DY4096.swf" />
      <file href="mobile/5biKWjDeqlm_80_P_69_734_160_970_DX4096_DY4096_CX88_CY531.png" />
      <file href="story_content/5ZKT3LPbsQD_80_P_0_0_2000_1728_DX838_DY838.swf" />
      <file href="mobile/5ZKT3LPbsQD_80_P_0_0_2000_1728_DX838_DY838_CX615_CY531.png" />
      <file href="mobile/5biKWjDeqlm_80_P_1240_853_250_800_DX4096_DY4096_CX140_CY448.png" />
      <file href="story_content/5zOM6lAqczJ_80_P_0_0_608_611_DX678_DY678.swf" />
      <file href="mobile/5zOM6lAqczJ_80_P_0_0_608_611_DX678_DY678_CX386_CY388.png" />
      <file href="story_content/5zOM6lAqczJ_80_P_0_0_529_611_DX678_DY678.swf" />
      <file href="mobile/5zOM6lAqczJ_80_P_0_0_529_611_DX678_DY678_CX336_CY388.png" />
      <file href="story_content/5zOM6lAqczJ_80_P_0_419_608_191_DX678_DY678.swf" />
      <file href="mobile/5zOM6lAqczJ_80_P_0_419_608_191_DX678_DY678_CX385_CY121.png" />
      <file href="story_content/5zOM6lAqczJ_80_P_0_419_531_191_DX678_DY678.swf" />
      <file href="mobile/5zOM6lAqczJ_80_P_0_419_531_191_DX678_DY678_CX336_CY121.png" />
      <file href="story_content/Shape6fDDy5na3tm.swf" />
      <file href="story_content/5bAMcc75ocX_80_P_0_101_625_396_DX1458_DY1458.swf" />
      <file href="mobile/5bAMcc75ocX_80_P_0_101_625_396_DX1458_DY1458_CX626_CY397.png" />
      <file href="story_content/txt__default_6emB2DCdt0t.swf" />
      <file href="story_content/txt__default_6FgpwxS7cLx.swf" />
      <file href="story_content/txt__default_61gVEtBYXJS.swf" />
      <file href="story_content/txt__default_6ccevYPtmw7.swf" />
      <file href="story_content/txt__default_6FLWr5693SV.swf" />
      <file href="story_content/txt__default_6reUFgT8gug.swf" />
      <file href="story_content/txt__default_6LbxHg4EbPp.swf" />
      <file href="story_content/5imC0OEzL0x_80_DX66_DY66.swf" />
      <file href="mobile/5imC0OEzL0x_80_DX66_DY66_CX45_CY49.png" />
      <file href="story_content/65PIFRKeUTs_80_DX468_DY468.swf" />
      <file href="mobile/65PIFRKeUTs_80_DX468_DY468_CX162_CY47.png" />
      <file href="story_content/6849FZd64xm_80_DX154_DY154.swf" />
      <file href="mobile/6849FZd64xm_80_DX154_DY154_CX84_CY72.png" />
      <file href="story_content/Shape6IUzNRv1njm.swf" />
      <file href="mobile/65PIFRKeUTs_80_DX468_DY468_CX164_CY48.png" />
      <file href="mobile/6JuRhnsY62S_80_DX1132_DY1132_CX666_CY195.png" />
      <file href="story_content/Shape6ft6QTCSj7Z.swf" />
      <file href="mobile/6JuRhnsY62S_80_DX1132_DY1132_CX829_CY243.png" />
      <file href="story_content/Shape6GAjTGfgpMb.swf" />
      <file href="story_content/65PIFRKeUTs_80_DX470_DY470.swf" />
      <file href="mobile/65PIFRKeUTs_80_DX470_DY470_CX164_CY48.png" />
      <file href="story_content/txt__default_5kvImqKq1sh.swf" />
      <file href="story_content/txt__default_5lUdT1PSiDQ.swf" />
      <file href="story_content/txt__default_6FV88NL2crm.swf" />
      <file href="story_content/Shape6eQemooySs3.swf" />
      <file href="story_content/5cG74BIOqYp_80_DX126_DY126.swf" />
      <file href="mobile/5cG74BIOqYp_80_DX126_DY126_CX79_CY47.png" />
      <file href="story_content/5hWPALbYde5_80_DX126_DY126.swf" />
      <file href="mobile/5hWPALbYde5_80_DX126_DY126_CX83_CY52.png" />
      <file href="story_content/6EyT1fpDwmJ_80_DX122_DY122.swf" />
      <file href="mobile/6EyT1fpDwmJ_80_DX122_DY122_CX76_CY47.png" />
      <file href="mobile/6849FZd64xm_80_DX154_DY154_CX73_CY62.png" />
      <file href="story_content/Shape68W7tHft3Qj.swf" />
      <file href="story_content/Shape6B0u2BugKXB.swf" />
      <file href="story_content/Shape6SXPj2FGc7U.swf" />
      <file href="story_content/txt__default_61Hk06raWLg.swf" />
      <file href="story_content/txt__default_5Vr87rvVEBF.swf" />
      <file href="story_content/txt__default_5iCeRX2nXS2.swf" />
      <file href="story_content/txt__default_5fGAtiL13fn.swf" />
      <file href="story_content/Shape5hDqpQ8nahg.swf" />
      <file href="story_content/Shape5jqbim2GBsZ.swf" />
      <file href="story_content/Shape5ki5GB50JWB.swf" />
      <file href="story_content/Shape5uNk7HYQYP5.swf" />
      <file href="story_content/Shape60siXbism7u.swf" />
      <file href="story_content/Shape5xl7iu1N1ET.swf" />
      <file href="story_content/txt__default_5aKo147ulxg.swf" />
      <file href="story_content/txt__default_6KHOKFOiTyd.swf" />
      <file href="story_content/Shape6Wi0ulVXixu.swf" />
      <file href="story_content/Shape5wPAUDD05w7.swf" />
      <file href="story_content/5bAMcc75ocX_80_P_0_116_625_389_DX1458_DY1458.swf" />
      <file href="mobile/5bAMcc75ocX_80_P_0_116_625_389_DX1458_DY1458_CX626_CY390.png" />
      <file href="story_content/Shape5gukDHmP52n.swf" />
      <file href="mobile/6849FZd64xm_80_DX154_DY154_CX75_CY64.png" />
      <file href="story_content/Shape66oRuPeI84O.swf" />
      <file href="story_content/Shape6GpWxVsbIAP.swf" />
      <file href="story_content/Shape5yAI5lYGp41.swf" />
      <file href="story_content/Shape6NTi3w3ClJx.swf" />
      <file href="story_content/Shape62sZvx5IMvd.swf" />
      <file href="story_content/5bAMcc75ocX_80_P_0_101_834_540_DX1458_DY1458.swf" />
      <file href="mobile/5bAMcc75ocX_80_P_0_101_834_540_DX1458_DY1458_CX802_CY520.png" />
      <file href="mobile/6JuRhnsY62S_80_DX1132_DY1132_CX849_CY249.png" />
      <file href="story_content/6ff9Ns2l0sn_80_P_189_62_317_567_DX810_DY810.swf" />
      <file href="mobile/6ff9Ns2l0sn_80_P_189_62_317_567_DX810_DY810_CX275_CY492.png" />
      <file href="story_content/5gCHMlZ1VnK_80_DX80_DY80.swf" />
      <file href="mobile/5gCHMlZ1VnK_80_DX80_DY80_CX60_CY52.png" />
      <file href="story_content/67m5VCdsEVV_80_DX88_DY88.swf" />
      <file href="mobile/67m5VCdsEVV_80_DX88_DY88_CX66_CY57.png" />
      <file href="story_content/Shape6eOGS6ES24o.swf" />
      <file href="story_content/5vwf6EGvNjs_80_P_17_0_910_617_DX1100_DY1100.swf" />
      <file href="mobile/5vwf6EGvNjs_80_P_17_0_910_617_DX1100_DY1100_CX769_CY522.png" />
      <file href="story_content/5yT1jVNgeFC_80_P_178_101_401_540_DX958_DY958.swf" />
      <file href="mobile/5yT1jVNgeFC_80_P_178_101_401_540_DX958_DY958_CX375_CY504.png" />
      <file href="story_content/6XYPYyn1kSt_80_DX96_DY96.swf" />
      <file href="mobile/6XYPYyn1kSt_80_DX96_DY96_CX72_CY21.png" />
      <file href="story_content/5uzhSLwZhLq_80_R9BF2FF_DX50_DY50.swf" />
      <file href="mobile/5uzhSLwZhLq_80_R9BF2FF_DX50_DY50_CX37_CY37.png" />
      <file href="story_content/5uzhSLwZhLq_80_RG_DX50_DY50.swf" />
      <file href="mobile/5uzhSLwZhLq_80_RG_DX50_DY50_CX37_CY37.png" />
      <file href="story_content/Shape6DPPMl1f1qn.swf" />
      <file href="story_content/6WYpB6hNP1s_80_P_127_0_449_592_DX206_DY206.swf" />
      <file href="mobile/6WYpB6hNP1s_80_P_127_0_449_592_DX206_DY206_CX75_CY99.png" />
      <file href="mobile/6849FZd64xm_80_DX154_DY154_CX115_CY98.png" />
      <file href="story_content/Shape5kwqNORN1YC.swf" />
      <file href="story_content/Shape6jwKIAsHhDf.swf" />
      <file href="story_content/Shape6cAUAfExTch.swf" />
      <file href="story_content/txt__default_5l43VHZzZ3V.swf" />
      <file href="story_content/txt__default_5axLqxwO3EF.swf" />
      <file href="story_content/txt__default_5oMhrOD2UK1.swf" />
      <file href="story_content/txt__default_5ry3GOpUxHM.swf" />
      <file href="story_content/5neCaiYIILR_80_DX126_DY126.swf" />
      <file href="mobile/5neCaiYIILR_80_DX126_DY126_CX79_CY47.png" />
      <file href="story_content/Shape5VnVjCTBhYf.swf" />
      <file href="story_content/Shape5qHW099AWJu.swf" />
      <file href="story_content/Shape6Xw162Zd92X.swf" />
      <file href="story_content/txt__default_6BFSpBsspwq.swf" />
      <file href="story_content/txt__default_5cBwocHELiS.swf" />
      <file href="story_content/txt__default_6VCA5ILRB1e.swf" />
      <file href="story_content/txt__default_602JrruIu1x.swf" />
      <file href="story_content/Shape64z7ykPZd8U.swf" />
      <file href="story_content/txt__default_6b92rNCb36q.swf" />
      <file href="mobile/6849FZd64xm_80_DX154_DY154_CX57_CY49.png" />
      <file href="story_content/Shape6kD2RDoXitE.swf" />
      <file href="story_content/Shape6lHBydmgxpU.swf" />
      <file href="story_content/Shape6PLYEV6ZWCn.swf" />
      <file href="story_content/Shape6UBeleuRyY9.swf" />
      <file href="mobile/6849FZd64xm_80_DX154_DY154_CX61_CY52.png" />
      <file href="story_content/Shape6dlBTnTdAuJ.swf" />
      <file href="story_content/txt__default_6dpa2rIF4VT.swf" />
      <file href="story_content/txt__default_6rh4CERuGbE.swf" />
      <file href="story_content/txt__default_5uB6Y0qN7MO.swf" />
      <file href="story_content/txt__default_5n7FxZ0z9Jm.swf" />
      <file href="story_content/txt__default_6YtPzOlpX9C.swf" />
      <file href="story_content/txt__default_6p91s6uH1ir.swf" />
      <file href="story_content/txt__default_6FSHr8IYYGb.swf" />
      <file href="mobile/6849FZd64xm_80_DX154_DY154_CX70_CY60.png" />
      <file href="story_content/Shape6EifjUiH0uR.swf" />
      <file href="story_content/Shape5zVyg0eL8a9.swf" />
      <file href="story_content/Shape5iU49D180zY.swf" />
      <file href="story_content/Shape5k4cbsyfrmk.swf" />
      <file href="story_content/txt__default_6NMbA7OcBbp.swf" />
      <file href="story_content/txt__default_5hhei9QajV4.swf" />
      <file href="story_content/Shape5WwmJNGTdEO.swf" />
      <file href="story_content/txt__default_6lgfTi5hQ0z.swf" />
      <file href="mobile/6849FZd64xm_80_DX154_DY154_CX56_CY48.png" />
      <file href="story_content/Shape6KwnPm1dNQ1.swf" />
      <file href="story_content/Shape64cyyW1xyDy.swf" />
      <file href="story_content/Shape6pS3y2pLTi0.swf" />
      <file href="story_content/Shape6RgYqv2J9Fa.swf" />
      <file href="story_content/Shape5uPilm0faCi.swf" />
      <file href="story_content/Shape6eMtAot84DL.swf" />
      <file href="story_content/Shape5Z0Ek2BfJq2.swf" />
      <file href="story_content/Shape5XVAHD5LDoh.swf" />
      <file href="story_content/txt__default_6oA0ZFkGUXQ.swf" />
      <file href="story_content/txt__default_6fUzV1fuuFD.swf" />
      <file href="story_content/txt__default_6pbIghl4LI1.swf" />
      <file href="story_content/Shape6XtOm1fHLlW.swf" />
      <file href="mobile/6849FZd64xm_80_DX154_DY154_CX68_CY58.png" />
      <file href="story_content/Shape6gVd5JhnuG4.swf" />
      <file href="story_content/Shape5Z7CFaUmaTt.swf" />
      <file href="story_content/Shape5alvMcB17QY.swf" />
      <file href="story_content/txt__default_5eeACMrnmuZ.swf" />
      <file href="story_content/txt__default_6Z1zQTKrwB6.swf" />
      <file href="story_content/Shape6SfXubdBzqW.swf" />
      <file href="mobile/6849FZd64xm_80_DX154_DY154_CX66_CY56.png" />
      <file href="story_content/Shape5pFu2J9KXNC.swf" />
      <file href="story_content/Shape67oR2vQOwkr.swf" />
      <file href="story_content/Shape5ct0178hGBg.swf" />
      <file href="story_content/Shape6phhBdRNTjv.swf" />
      <file href="story_content/txt__default_6JEfFcVYfUY.swf" />
      <file href="story_content/txt__default_6fBR77oQUm4.swf" />
      <file href="story_content/txt__default_60KoKQvpZwa.swf" />
      <file href="story_content/txt__default_6dKLEdZjMJ0.swf" />
      <file href="story_content/txt__default_6qNRIbTLAGn.swf" />
      <file href="story_content/Shape6Iu2Jvtn5TY.swf" />
      <file href="story_content/Shape5VueHTWBpu3.swf" />
      <file href="story_content/Shape6cEV7ihDTdh.swf" />
      <file href="story_content/Shape6Qxxe3fB1Fc.swf" />
      <file href="story_content/Shape5Z9HGvOtmbL.swf" />
      <file href="story_content/Shape6bak5b2upqb.swf" />
      <file href="story_content/Shape5o0glfoQI2I.swf" />
      <file href="story_content/txt__default_5X53PpNB9zO.swf" />
      <file href="story_content/txt__default_6LJxEchxwJQ.swf" />
      <file href="story_content/Shape6O9E04rWuO7.swf" />
      <file href="story_content/Shape5kEHn4Xh5x1.swf" />
      <file href="story_content/Shape6Cjj9FbZkEz.swf" />
      <file href="story_content/Shape63Y4WIXHAv6.swf" />
      <file href="story_content/Shape6kSQnvVCr2e.swf" />
      <file href="story_content/Shape6Tn8l35tFi1.swf" />
      <file href="story_content/Shape6jJ75VdH5Zn.swf" />
      <file href="story_content/Shape5fk84XJAcxC.swf" />
      <file href="story_content/Shape5YfmGe9YTkR.swf" />
      <file href="story_content/Shape6oDjluOgHQZ.swf" />
      <file href="meta.xml" />
      <file href="story_content/FontFactory.swf" />
      <file href="story_content/fonts.swf" />
      <file href="story_content/frame.xml" />
      <file href="story_content/frame.json" />
      <file href="story_content/user.js" />
      <file href="mobile/Shape6GeannKwble.png" />
      <file href="mobile/Shape6D9d7tZBY2n.png" />
      <file href="mobile/Shape5ZGHlKAgjbD.png" />
      <file href="mobile/Shape6fDDy5na3tm.png" />
      <file href="mobile/txt__default_6emB2DCdt0t.png" />
      <file href="mobile/txt__default_6FgpwxS7cLx.png" />
      <file href="mobile/txt__default_61gVEtBYXJS.png" />
      <file href="mobile/txt__default_6ccevYPtmw7.png" />
      <file href="mobile/txt__default_6FLWr5693SV.png" />
      <file href="mobile/txt__default_6reUFgT8gug.png" />
      <file href="mobile/txt__default_6LbxHg4EbPp.png" />
      <file href="mobile/Shape6IUzNRv1njm.png" />
      <file href="mobile/Shape6ft6QTCSj7Z.png" />
      <file href="mobile/Shape6GAjTGfgpMb.png" />
      <file href="mobile/txt__default_5kvImqKq1sh.png" />
      <file href="mobile/txt__default_5lUdT1PSiDQ.png" />
      <file href="mobile/txt__default_6FV88NL2crm.png" />
      <file href="mobile/Shape6eQemooySs3.png" />
      <file href="mobile/Shape68W7tHft3Qj.png" />
      <file href="mobile/Shape6B0u2BugKXB.png" />
      <file href="mobile/Shape6SXPj2FGc7U.png" />
      <file href="mobile/txt__default_61Hk06raWLg.png" />
      <file href="mobile/txt__default_5Vr87rvVEBF.png" />
      <file href="mobile/txt__default_5iCeRX2nXS2.png" />
      <file href="mobile/txt__default_5fGAtiL13fn.png" />
      <file href="mobile/Shape5hDqpQ8nahg.png" />
      <file href="mobile/Shape5jqbim2GBsZ.png" />
      <file href="mobile/Shape5ki5GB50JWB.png" />
      <file href="mobile/Shape5uNk7HYQYP5.png" />
      <file href="mobile/Shape60siXbism7u.png" />
      <file href="mobile/Shape5xl7iu1N1ET.png" />
      <file href="mobile/txt__default_5aKo147ulxg.png" />
      <file href="mobile/txt__default_6KHOKFOiTyd.png" />
      <file href="mobile/Shape6Wi0ulVXixu.png" />
      <file href="mobile/Shape5wPAUDD05w7.png" />
      <file href="mobile/Shape5gukDHmP52n.png" />
      <file href="mobile/Shape66oRuPeI84O.png" />
      <file href="mobile/Shape6GpWxVsbIAP.png" />
      <file href="mobile/Shape5yAI5lYGp41.png" />
      <file href="mobile/Shape6NTi3w3ClJx.png" />
      <file href="mobile/Shape62sZvx5IMvd.png" />
      <file href="mobile/Shape6eOGS6ES24o.png" />
      <file href="mobile/Shape6DPPMl1f1qn.png" />
      <file href="mobile/Shape5kwqNORN1YC.png" />
      <file href="mobile/Shape6jwKIAsHhDf.png" />
      <file href="mobile/Shape6cAUAfExTch.png" />
      <file href="mobile/txt__default_5l43VHZzZ3V.png" />
      <file href="mobile/txt__default_5axLqxwO3EF.png" />
      <file href="mobile/txt__default_5oMhrOD2UK1.png" />
      <file href="mobile/txt__default_5ry3GOpUxHM.png" />
      <file href="mobile/Shape5VnVjCTBhYf.png" />
      <file href="mobile/Shape5qHW099AWJu.png" />
      <file href="mobile/Shape6Xw162Zd92X.png" />
      <file href="mobile/txt__default_6BFSpBsspwq.png" />
      <file href="mobile/txt__default_5cBwocHELiS.png" />
      <file href="mobile/txt__default_6VCA5ILRB1e.png" />
      <file href="mobile/txt__default_602JrruIu1x.png" />
      <file href="mobile/Shape64z7ykPZd8U.png" />
      <file href="mobile/txt__default_6b92rNCb36q.png" />
      <file href="mobile/Shape6kD2RDoXitE.png" />
      <file href="mobile/Shape6lHBydmgxpU.png" />
      <file href="mobile/Shape6PLYEV6ZWCn.png" />
      <file href="mobile/Shape6UBeleuRyY9.png" />
      <file href="mobile/Shape6dlBTnTdAuJ.png" />
      <file href="mobile/txt__default_6dpa2rIF4VT.png" />
      <file href="mobile/txt__default_6rh4CERuGbE.png" />
      <file href="mobile/txt__default_5uB6Y0qN7MO.png" />
      <file href="mobile/txt__default_5n7FxZ0z9Jm.png" />
      <file href="mobile/txt__default_6YtPzOlpX9C.png" />
      <file href="mobile/txt__default_6p91s6uH1ir.png" />
      <file href="mobile/txt__default_6FSHr8IYYGb.png" />
      <file href="mobile/Shape6EifjUiH0uR.png" />
      <file href="mobile/Shape5zVyg0eL8a9.png" />
      <file href="mobile/Shape5iU49D180zY.png" />
      <file href="mobile/Shape5k4cbsyfrmk.png" />
      <file href="mobile/txt__default_6NMbA7OcBbp.png" />
      <file href="mobile/txt__default_5hhei9QajV4.png" />
      <file href="mobile/Shape5WwmJNGTdEO.png" />
      <file href="mobile/txt__default_6lgfTi5hQ0z.png" />
      <file href="mobile/Shape6KwnPm1dNQ1.png" />
      <file href="mobile/Shape64cyyW1xyDy.png" />
      <file href="mobile/Shape6pS3y2pLTi0.png" />
      <file href="mobile/Shape6RgYqv2J9Fa.png" />
      <file href="mobile/Shape5uPilm0faCi.png" />
      <file href="mobile/Shape6eMtAot84DL.png" />
      <file href="mobile/Shape5Z0Ek2BfJq2.png" />
      <file href="mobile/Shape5XVAHD5LDoh.png" />
      <file href="mobile/txt__default_6oA0ZFkGUXQ.png" />
      <file href="mobile/txt__default_6fUzV1fuuFD.png" />
      <file href="mobile/txt__default_6pbIghl4LI1.png" />
      <file href="mobile/Shape6XtOm1fHLlW.png" />
      <file href="mobile/Shape6gVd5JhnuG4.png" />
      <file href="mobile/Shape5Z7CFaUmaTt.png" />
      <file href="mobile/Shape5alvMcB17QY.png" />
      <file href="mobile/txt__default_5eeACMrnmuZ.png" />
      <file href="mobile/txt__default_6Z1zQTKrwB6.png" />
      <file href="mobile/Shape6SfXubdBzqW.png" />
      <file href="mobile/Shape5pFu2J9KXNC.png" />
      <file href="mobile/Shape67oR2vQOwkr.png" />
      <file href="mobile/Shape5ct0178hGBg.png" />
      <file href="mobile/Shape6phhBdRNTjv.png" />
      <file href="mobile/txt__default_6JEfFcVYfUY.png" />
      <file href="mobile/txt__default_6fBR77oQUm4.png" />
      <file href="mobile/txt__default_60KoKQvpZwa.png" />
      <file href="mobile/txt__default_6dKLEdZjMJ0.png" />
      <file href="mobile/txt__default_6qNRIbTLAGn.png" />
      <file href="mobile/Shape6Iu2Jvtn5TY.png" />
      <file href="mobile/Shape5VueHTWBpu3.png" />
      <file href="mobile/Shape6cEV7ihDTdh.png" />
      <file href="mobile/Shape6Qxxe3fB1Fc.png" />
      <file href="mobile/Shape5Z9HGvOtmbL.png" />
      <file href="mobile/Shape6bak5b2upqb.png" />
      <file href="mobile/Shape5o0glfoQI2I.png" />
      <file href="mobile/txt__default_5X53PpNB9zO.png" />
      <file href="mobile/txt__default_6LJxEchxwJQ.png" />
      <file href="mobile/Shape6O9E04rWuO7.png" />
      <file href="mobile/Shape5kEHn4Xh5x1.png" />
      <file href="mobile/Shape6Cjj9FbZkEz.png" />
      <file href="mobile/Shape63Y4WIXHAv6.png" />
      <file href="mobile/Shape6kSQnvVCr2e.png" />
      <file href="mobile/Shape6Tn8l35tFi1.png" />
      <file href="mobile/Shape6jJ75VdH5Zn.png" />
      <file href="mobile/Shape5fk84XJAcxC.png" />
      <file href="mobile/Shape5YfmGe9YTkR.png" />
      <file href="mobile/Shape6oDjluOgHQZ.png" />
      <file href="story.swf" />
      <file href="story_content/frame.swf" />
      <file href="story_content/slides/6pCpQCczD8c.swf" />
      <file href="story_content/slides/6CtbMlioPdu.swf" />
      <file href="story_content/slides/6DzxYY9Ruuo.swf" />
      <file href="story_content/slides/5lGYE7B6gNl.swf" />
      <file href="story_content/slides/5lqxFoKnzSS.swf" />
      <file href="story_content/slides/5dm02gV4udb.swf" />
      <file href="story_content/slides/5yETt2xL3cq.swf" />
      <file href="story_content/slides/5vHhOMjNqL0.swf" />
      <file href="story_content/slides/6lZbm7GcTdp.swf" />
      <file href="story_content/slides/5fBoblrJt9f.swf" />
      <file href="story_content/slides/5yXZUsZuRR7.swf" />
      <file href="story_content/slides/5Z8CrTdmE8D.swf" />
      <file href="story_content/slides/6NG0lCTfuF6.swf" />
      <file href="story_content/slides/5mdXRE8Mq6Y.swf" />
      <file href="story_content/slides/6bcg7htKgsO.swf" />
      <file href="story_content/slides/6ZIIN95k8ru.swf" />
      <file href="story_content/slides/5yP9A3jhMuP.swf" />
      <file href="story_content/slides/67SP7Vo5rJ1.swf" />
      <file href="story_content/slides/61mChDRl6vC.swf" />
      <file href="story_content/slides/6oNWsa40gG7.swf" />
      <file href="story_content/slides/5lDbFyW5Yjc.swf" />
      <file href="story_content/slides/69F0LxDLrXl.swf" />
      <file href="story_content/slides/6n0ViuPWn51.swf" />
      <file href="story_content/slides/5zwaCN85FP9.swf" />
      <file href="story_content/slides/6k526oPdrtS.swf" />
      <file href="story_content/slides/6qrJuW0dXt2.swf" />
      <file href="story_content/slides/6LWA4225WUN.swf" />
      <file href="story_content/slides/65MdJG6qKeG.swf" />
      <file href="story_content/slides/5vEk5sXReV9.swf" />
      <file href="story_content/slides/6mxgW2EZOA2.swf" />
      <file href="story_content/slides/6ESZZRuXZXz.swf" />
      <file href="story_content/slides/6FuxavG2v7i.swf" />
      <file href="story_content/slides/5praqn4CVnw.swf" />
      <file href="story_content/slides/6OyiMkEfILr.swf" />
      <file href="story_content/slides/6pfqIvC2zvf.swf" />
      <file href="story_content/slides/5q5Hot5ubS9.swf" />
      <file href="story_content/slides/5w18snj23Up.swf" />
      <file href="story_content/slides/687Ge10PoHP.swf" />
      <file href="story_content/slides/5zJQwAey02E.swf" />
      <file href="story_content/slides/6MAmJGrceaC.swf" />
      <file href="story_content/slides/5e1FlGzFJgd.swf" />
      <file href="story_content/slides/5xmEemliKCy.swf" />
      <file href="story_content/slides/6lNvCbtX9Ax.swf" />
      <file href="story_content/slides/63PecLXFW75.swf" />
      <file href="story_content/slides/5fyfK9AO8Ux.swf" />
      <file href="story_content/slides/6AoRJg4lKIh.swf" />
      <file href="story_content/slides/6KFHW3Dgqa4.swf" />
      <file href="story_content/slides/6WZ1w13gpjA.swf" />
      <file href="story_content/slides/6998jFakcAr.swf" />
      <file href="story_content/slides/6jKYkK4po1E.swf" />
      <file href="story_content/slides/6CGgHUyMYfw.swf" />
      <file href="story_content/slides/6Y4kKGDl4RA.swf" />
      <file href="story_content/slides/60fteSgKHS1.swf" />
      <file href="story_content/slides/5yOemiEHl1V.swf" />
      <file href="story_content/slides/6JQWhDYatzZ.swf" />
      <file href="story_content/slides/6nx2rdFhmhe.swf" />
      <file href="story_content/slides/6XfbbYNWW2L.swf" />
      <file href="story_content/slides/5fG1GzHTfdr.swf" />
      <file href="story_content/slides/5jTDCqfolS6.swf" />
      <file href="story_content/slides/6LmIO4RSvZP.swf" />
      <file href="story_content/slides/5Wy1FxYXZGe.swf" />
      <file href="story_content/slides/5gdQnHWab1f.swf" />
      <file href="story_content/slides/6hwZfq2KLUu.swf" />
      <file href="story_content/data.swf" />
      <file href="html5/data/css/output.min.css" />
      <file href="html5/data/js/5dm02gV4udb.js" />
      <file href="html5/data/js/5e1FlGzFJgd.js" />
      <file href="html5/data/js/5fBoblrJt9f.js" />
      <file href="html5/data/js/5fG1GzHTfdr.js" />
      <file href="html5/data/js/5fyfK9AO8Ux.js" />
      <file href="html5/data/js/5gdQnHWab1f.js" />
      <file href="html5/data/js/5jTDCqfolS6.js" />
      <file href="html5/data/js/5lDbFyW5Yjc.js" />
      <file href="html5/data/js/5lGYE7B6gNl.js" />
      <file href="html5/data/js/5lqxFoKnzSS.js" />
      <file href="html5/data/js/5mdXRE8Mq6Y.js" />
      <file href="html5/data/js/5praqn4CVnw.js" />
      <file href="html5/data/js/5q5Hot5ubS9.js" />
      <file href="html5/data/js/5vEk5sXReV9.js" />
      <file href="html5/data/js/5vHhOMjNqL0.js" />
      <file href="html5/data/js/5w18snj23Up.js" />
      <file href="html5/data/js/5Wy1FxYXZGe.js" />
      <file href="html5/data/js/5xmEemliKCy.js" />
      <file href="html5/data/js/5yETt2xL3cq.js" />
      <file href="html5/data/js/5yOemiEHl1V.js" />
      <file href="html5/data/js/5yP9A3jhMuP.js" />
      <file href="html5/data/js/5yXZUsZuRR7.js" />
      <file href="html5/data/js/5Z8CrTdmE8D.js" />
      <file href="html5/data/js/5zJQwAey02E.js" />
      <file href="html5/data/js/5zwaCN85FP9.js" />
      <file href="html5/data/js/60fteSgKHS1.js" />
      <file href="html5/data/js/61mChDRl6vC.js" />
      <file href="html5/data/js/63PecLXFW75.js" />
      <file href="html5/data/js/65MdJG6qKeG.js" />
      <file href="html5/data/js/67SP7Vo5rJ1.js" />
      <file href="html5/data/js/687Ge10PoHP.js" />
      <file href="html5/data/js/6998jFakcAr.js" />
      <file href="html5/data/js/69F0LxDLrXl.js" />
      <file href="html5/data/js/6AoRJg4lKIh.js" />
      <file href="html5/data/js/6bcg7htKgsO.js" />
      <file href="html5/data/js/6CGgHUyMYfw.js" />
      <file href="html5/data/js/6CtbMlioPdu.js" />
      <file href="html5/data/js/6DzxYY9Ruuo.js" />
      <file href="html5/data/js/6ESZZRuXZXz.js" />
      <file href="html5/data/js/6FuxavG2v7i.js" />
      <file href="html5/data/js/6hwZfq2KLUu.js" />
      <file href="html5/data/js/6jKYkK4po1E.js" />
      <file href="html5/data/js/6JQWhDYatzZ.js" />
      <file href="html5/data/js/6k526oPdrtS.js" />
      <file href="html5/data/js/6KFHW3Dgqa4.js" />
      <file href="html5/data/js/6LmIO4RSvZP.js" />
      <file href="html5/data/js/6lNvCbtX9Ax.js" />
      <file href="html5/data/js/6LWA4225WUN.js" />
      <file href="html5/data/js/6lZbm7GcTdp.js" />
      <file href="html5/data/js/6MAmJGrceaC.js" />
      <file href="html5/data/js/6mxgW2EZOA2.js" />
      <file href="html5/data/js/6n0ViuPWn51.js" />
      <file href="html5/data/js/6NG0lCTfuF6.js" />
      <file href="html5/data/js/6nx2rdFhmhe.js" />
      <file href="html5/data/js/6oNWsa40gG7.js" />
      <file href="html5/data/js/6OyiMkEfILr.js" />
      <file href="html5/data/js/6pCpQCczD8c.js" />
      <file href="html5/data/js/6pfqIvC2zvf.js" />
      <file href="html5/data/js/6qrJuW0dXt2.js" />
      <file href="html5/data/js/6WZ1w13gpjA.js" />
      <file href="html5/data/js/6XfbbYNWW2L.js" />
      <file href="html5/data/js/6Y4kKGDl4RA.js" />
      <file href="html5/data/js/6ZIIN95k8ru.js" />
      <file href="html5/data/js/data.js" />
      <file href="html5/data/js/frame.js" />
      <file href="html5/data/js/paths.js" />
      <file href="html5/lib/scripts/app.min.js" />
      <file href="html5/lib/stylesheets/main.min.css" />
      <file href="html5/lib/stylesheets/mobile-fonts/open-sans-bold.woff" />
      <file href="html5/lib/stylesheets/mobile-fonts/open-sans-light.woff" />
      <file href="html5/lib/stylesheets/mobile-fonts/open-sans-regular.woff" />
      <file href="story.html" />
      <file href="story_flash.html" />
      <file href="story_html5.html" />
      <file href="story_content/blank.html" />
      <file href="story_content/story.js" />
      <file href="index_lms.html" />
      <file href="index_lms_html5.html" />
      <file href="index_lms_flash.html" />
      <file href="lms/AICCComm.html" />
      <file href="lms/AICCFunctions.js" />
      <file href="lms/API.js" />
      <file href="lms/APIConstants.js" />
      <file href="lms/blank.html" />
      <file href="lms/browsersniff.js" />
      <file href="lms/Configuration.js" />
      <file href="lms/goodbye.html" />
      <file href="lms/lms.js" />
      <file href="lms/LMSAPI.js" />
      <file href="lms/NONEFunctions.js" />
      <file href="lms/SCORM2004Functions.js" />
      <file href="lms/SCORMFunctions.js" />
      <file href="lms/UtilityFunctions.js" />
    </resource>
  </resources>
</manifest>